epoch,loss,td_loss,cql_loss,avg_return,survival_rate,mortality_rate,avg_length,inadmissibility_rate,expert_argmax_match,mean_kl_to_expert,policy_entropy,mean_action_deviation_from_expert
1,1.758292317390442,0.1326286494731903,3.2513272762298584,,,,,,,,,
2,1.7241896390914917,0.11872600018978119,3.2109272480010986,,,,,,,,,
3,1.6931484937667847,0.10719301551580429,3.1719110012054443,,,,,,,,,
4,1.6629812717437744,0.09711914509534836,3.1317243576049805,,,,,,,,,
5,1.6359702348709106,0.08850256353616714,3.094935417175293,,,,,,,,,
6,1.6082727909088135,0.08110082894563675,3.0543439388275146,,,,,,,,,
7,1.5830755233764648,0.0752432569861412,3.015664577484131,,,,,,,,,
8,1.5586055517196655,0.07083659619092941,2.9755380153656006,,,,,,,,,
9,1.5333153009414673,0.06815212219953537,2.930326461791992,,,,,,,,,
10,1.5095133781433105,0.06735497713088989,2.884316921234131,,,,,,,,,
11,1.4873231649398804,0.06946457922458649,2.83571720123291,,,,,,,,,
12,1.4659606218338013,0.07437847554683685,2.7831642627716064,,,,,,,,,
13,1.4475951194763184,0.08360801637172699,2.7279741764068604,,,,,,,,,
14,1.4310020208358765,0.09523403644561768,2.6715359687805176,,,,,,,,,
15,1.4171881675720215,0.11055630445480347,2.6132638454437256,,,,,,,,,
16,1.4071884155273438,0.1276221126317978,2.5591325759887695,,,,,,,,,
17,1.3972127437591553,0.14660996198654175,2.5012054443359375,,,,,,,,,
18,1.3898454904556274,0.1633109748363495,2.453068971633911,,,,,,,,,
19,1.3828213214874268,0.1789567768573761,2.407729148864746,,,,,,,,,
20,1.376426100730896,0.19344520568847656,2.365961790084839,,,,,,,,,
21,1.3689650297164917,0.20060372352600098,2.3367226123809814,,,,,,,,,
22,1.3620599508285522,0.2055506408214569,2.313018560409546,,,,,,,,,
23,1.3525145053863525,0.20694448053836823,2.291140079498291,,,,,,,,,
24,1.3436851501464844,0.20675957202911377,2.273851156234741,,,,,,,,,
25,1.3365352153778076,0.202932208776474,2.2672059535980225,,,,,,,,,
26,1.327253818511963,0.19691818952560425,2.2606711387634277,,,,,,,,,
27,1.3199348449707031,0.18986876308918,2.260132074356079,,,,,,,,,
28,1.3118969202041626,0.1856001764535904,2.252593517303467,,,,,,,,,
29,1.3039116859436035,0.180307537317276,2.2472083568573,,,,,,,,,
30,1.2976793050765991,0.17674079537391663,2.2418770790100098,,,,,,,,,
31,1.291244387626648,0.16988781094551086,2.242713212966919,,,,,,,,,
32,1.2846529483795166,0.16937251389026642,2.230560779571533,,,,,,,,,
33,1.28048574924469,0.1666407585144043,2.2276899814605713,,,,,,,,,
34,1.2757831811904907,0.16788198053836823,2.2158024311065674,,,,,,,,,
35,1.2656720876693726,0.1707543581724167,2.189835548400879,,,,,,,,,
36,1.2608356475830078,0.17304843664169312,2.175574541091919,,,,,,,,,
37,1.2577569484710693,0.17796415090560913,2.159585475921631,,,,,,,,,
38,1.2526804208755493,0.18548059463500977,2.134399652481079,,,,,,,,,
39,1.2474290132522583,0.18975315988063812,2.115351676940918,,,,,,,,,
40,1.243621587753296,0.1991335153579712,2.0889761447906494,,,,,,,,,
41,1.2393369674682617,0.20620624721050262,2.0662615299224854,,,,,,,,,
42,1.2362854480743408,0.21414512395858765,2.044280767440796,,,,,,,,,
43,1.2323088645935059,0.21863216161727905,2.027353525161743,,,,,,,,,
44,1.227239727973938,0.2240261733531952,2.006427049636841,,,,,,,,,
45,1.2252771854400635,0.22904428839683533,1.9924657344818115,,,,,,,,,
46,1.2239385843276978,0.231144979596138,1.9855871200561523,,,,,,,,,
47,1.221470594406128,0.23678438365459442,1.9693723917007446,,,,,,,,,
48,1.219067096710205,0.24043335020542145,1.9572675228118896,,,,,,,,,
49,1.2136468887329102,0.24037903547286987,1.9465358257293701,,,,,,,,,
50,1.212390661239624,0.23913468420505524,1.9465118646621704,,,,,,,,,
51,1.2107068300247192,0.2401002198457718,1.9412132501602173,,,,,,,,,
52,1.2081700563430786,0.23979012668132782,1.9367598295211792,,,,,,,,,
53,1.205237627029419,0.23713785409927368,1.936199426651001,,,,,,,,,
54,1.20670485496521,0.24003058671951294,1.933348536491394,,,,,,,,,
55,1.20417058467865,0.23888322710990906,1.930574655532837,,,,,,,,,
56,1.202661395072937,0.23908230662345886,1.9271581172943115,,,,,,,,,
57,1.2010194063186646,0.2390139251947403,1.924010992050171,,,,,,,,,
58,1.2003191709518433,0.2397232949733734,1.9211918115615845,,,,,,,,,
59,1.198374629020691,0.24020464718341827,1.9163399934768677,,,,,,,,,
60,1.1985684633255005,0.24521911144256592,1.9066987037658691,,,,,,,,,
61,1.1964126825332642,0.24640868604183197,1.900007963180542,,,,,,,,,
62,1.1933894157409668,0.24894458055496216,1.8888896703720093,,,,,,,,,
63,1.194688081741333,0.2538295090198517,1.8817170858383179,,,,,,,,,
64,1.1940653324127197,0.255813866853714,1.8765029907226562,,,,,,,,,
65,1.1920664310455322,0.2551940679550171,1.8737446069717407,,,,,,,,,
66,1.1916004419326782,0.2580201327800751,1.867160677909851,,,,,,,,,
67,1.1931043863296509,0.25760236382484436,1.8710039854049683,,,,,,,,,
68,1.1896851062774658,0.2596154808998108,1.8601393699645996,,,,,,,,,
69,1.1902118921279907,0.2583702504634857,1.8636833429336548,,,,,,,,,
70,1.189273476600647,0.26129627227783203,1.8559544086456299,,,,,,,,,
71,1.1899778842926025,0.2591843903064728,1.8615869283676147,,,,,,,,,
72,1.1891154050827026,0.26030591130256653,1.8576189279556274,,,,,,,,,
73,1.18826425075531,0.2578918933868408,1.8607447147369385,,,,,,,,,
74,1.1891473531723022,0.25496241450309753,1.8683699369430542,,,,,,,,,
75,1.186524748802185,0.25605544447898865,1.860938549041748,,,,,,,,,
76,1.187305212020874,0.25892359018325806,1.856763243675232,,,,,,,,,
77,1.187596321105957,0.258899450302124,1.8573938608169556,,,,,,,,,
78,1.1878970861434937,0.2607261836528778,1.854341745376587,,,,,,,,,
79,1.1876802444458008,0.26449665427207947,1.8463671207427979,,,,,,,,,
80,1.1876813173294067,0.2635028064250946,1.8483569622039795,,,,,,,,,
81,1.1846200227737427,0.2651994526386261,1.838841199874878,,,,,,,,,
82,1.1867496967315674,0.265735387802124,1.8420284986495972,,,,,,,,,
83,1.1861186027526855,0.2629638910293579,1.8463093042373657,,,,,,,,,
84,1.186476469039917,0.2661629319190979,1.8406269550323486,,,,,,,,,
85,1.187195897102356,0.26145443320274353,1.8514829874038696,,,,,,,,,
86,1.184831976890564,0.25997617840766907,1.8497116565704346,,,,,,,,,
87,1.1855720281600952,0.2604401707649231,1.8502637147903442,,,,,,,,,
88,1.1850547790527344,0.26066309213638306,1.8487834930419922,,,,,,,,,
89,1.1869077682495117,0.26218631863594055,1.849442958831787,,,,,,,,,
90,1.1839821338653564,0.2642229497432709,1.839518427848816,,,,,,,,,
91,1.1850099563598633,0.26889926195144653,1.832221508026123,,,,,,,,,
92,1.185029149055481,0.2653903663158417,1.8392775058746338,,,,,,,,,
93,1.1843069791793823,0.26825061440467834,1.8321126699447632,,,,,,,,,
94,1.184418797492981,0.2658464014530182,1.8371448516845703,,,,,,,,,
95,1.1845909357070923,0.2692047953605652,1.8307722806930542,,,,,,,,,
96,1.1832363605499268,0.26959264278411865,1.8272875547409058,,,,,,,,,
97,1.1832822561264038,0.2678057849407196,1.8309528827667236,,,,,,,,,
98,1.1853467226028442,0.26978549361228943,1.8311225175857544,,,,,,,,,
99,1.1864378452301025,0.26802921295166016,1.8368173837661743,,,,,,,,,
100,1.1863622665405273,0.2654668986797333,1.841790795326233,,,,,,,,,
101,1.1850982904434204,0.2627353072166443,1.8447259664535522,,,,,,,,,
102,1.1836515665054321,0.2680951952934265,1.8311127424240112,,,,,,,,,
103,1.185179352760315,0.2701742947101593,1.8300100564956665,,,,,,,,,
104,1.1854641437530518,0.27293306589126587,1.8250622749328613,,,,,,,,,
105,1.185807466506958,0.2713404595851898,1.8289339542388916,,,,,,,,,
106,1.1869091987609863,0.2719188332557678,1.8299808502197266,,,,,,,,,
107,1.184421181678772,0.27012184262275696,1.8285986185073853,,,,,,,,,
108,1.1856601238250732,0.2731585204601288,1.8250032663345337,,,,,,,,,
109,1.1840561628341675,0.2730127274990082,1.8220869302749634,,,,,,,,,
110,1.188655972480774,0.27450087666511536,1.8283101320266724,,,,,,,,,
111,1.1862168312072754,0.27209073305130005,1.8282520771026611,,,,,,,,,
112,1.183517575263977,0.270214319229126,1.8266065120697021,,,,,,,,,
113,1.1846272945404053,0.2716994285583496,1.8258557319641113,,,,,,,,,
114,1.1864521503448486,0.27339687943458557,1.8261104822158813,,,,,,,,,
115,1.1849255561828613,0.27283304929733276,1.8241851329803467,,,,,,,,,
116,1.1858978271484375,0.2709808051586151,1.829833984375,,,,,,,,,
117,1.1864657402038574,0.27380335330963135,1.8253247737884521,,,,,,,,,
118,1.1815489530563354,0.2727697491645813,1.8175584077835083,,,,,,,,,
119,1.1847023963928223,0.27580252289772034,1.8177998065948486,,,,,,,,,
120,1.1840111017227173,0.27481433749198914,1.818393588066101,,,,,,,,,
121,1.1869831085205078,0.2768523097038269,1.8202614784240723,,,,,,,,,
122,1.1848400831222534,0.27520015835762024,1.8192799091339111,,,,,,,,,
123,1.1860625743865967,0.27723997831344604,1.8176451921463013,,,,,,,,,
124,1.1857354640960693,0.28155142068862915,1.8083680868148804,,,,,,,,,
125,1.1882851123809814,0.2835690677165985,1.809432029724121,,,,,,,,,
126,1.1846141815185547,0.27368491888046265,1.8218584060668945,,,,,,,,,
127,1.185978651046753,0.2735186517238617,1.8249200582504272,,,,,,,,,
128,1.1881943941116333,0.27494412660598755,1.8265005350112915,,,,,,,,,
129,1.1860170364379883,0.2768399119377136,1.8183543682098389,,,,,,,,,
130,1.1886245012283325,0.28206488490104675,1.8131192922592163,,,,,,,,,
131,1.1902694702148438,0.2826288938522339,1.8152811527252197,,,,,,,,,
132,1.1905248165130615,0.2804805636405945,1.8200883865356445,,,,,,,,,
133,1.188157081604004,0.2778235673904419,1.8206669092178345,,,,,,,,,
134,1.1901637315750122,0.28128108382225037,1.8177653551101685,,,,,,,,,
135,1.1876646280288696,0.2814195156097412,1.8124902248382568,,,,,,,,,
136,1.1896756887435913,0.286342591047287,1.8066661357879639,,,,,,,,,
137,1.1935594081878662,0.28357642889022827,1.8199659585952759,,,,,,,,,
138,1.1884338855743408,0.28246361017227173,1.8119404315948486,,,,,,,,,
139,1.1901895999908447,0.28286466002464294,1.8146498203277588,,,,,,,,,
140,1.187567114830017,0.2803020775318146,1.8145300149917603,,,,,,,,,
141,1.1899092197418213,0.2858217656612396,1.808174967765808,,,,,,,,,
142,1.1898856163024902,0.2886998653411865,1.8023713827133179,,,,,,,,,
143,1.1932556629180908,0.28722840547561646,1.8120545148849487,,,,,,,,,
144,1.1879334449768066,0.27976855635643005,1.816329836845398,,,,,,,,,
145,1.1945974826812744,0.2839275002479553,1.8213398456573486,,,,,,,,,
146,1.1905502080917358,0.2875823378562927,1.8059357404708862,,,,,,,,,
147,1.192094326019287,0.291186660528183,1.801815390586853,,,,,,,,,
148,1.189440131187439,0.2888565957546234,1.8011670112609863,,,,,,,,,
149,1.1910688877105713,0.2830204665660858,1.8160967826843262,,,,,,,,,
150,1.190189003944397,0.2829672694206238,1.8144434690475464,,,,,,,,,
151,1.192524790763855,0.283169686794281,1.818710207939148,,,,,,,,,
152,1.1924819946289062,0.2843075096607208,1.816348910331726,,,,,,,,,
153,1.1897146701812744,0.2839958667755127,1.8114374876022339,,,,,,,,,
154,1.19657301902771,0.29477617144584656,1.803593635559082,,,,,,,,,
155,1.1917036771774292,0.28881168365478516,1.805783987045288,,,,,,,,,
156,1.1884750127792358,0.28731009364128113,1.8023298978805542,,,,,,,,,
157,1.1954563856124878,0.2915494441986084,1.8078138828277588,,,,,,,,,
158,1.1986171007156372,0.2940455973148346,1.80914306640625,,,,,,,,,
159,1.1943645477294922,0.2903749644756317,1.8079792261123657,,,,,,,,,
160,1.1959006786346436,0.28860384225845337,1.8145935535430908,,,,,,,,,
161,1.193361520767212,0.28835737705230713,1.8100084066390991,,,,,,,,,
162,1.194403886795044,0.28856074810028076,1.8116861581802368,,,,,,,,,
163,1.1961232423782349,0.2933976352214813,1.8054512739181519,,,,,,,,,
164,1.1953425407409668,0.29484882950782776,1.8009873628616333,,,,,,,,,
165,1.1948821544647217,0.29198986291885376,1.8057845830917358,,,,,,,,,
166,1.1950960159301758,0.29004544019699097,1.81010103225708,,,,,,,,,
167,1.1917657852172852,0.2865104675292969,1.8105106353759766,,,,,,,,,
168,1.1974533796310425,0.2918839156627655,1.8111389875411987,,,,,,,,,
169,1.1959370374679565,0.29646560549736023,1.7989428043365479,,,,,,,,,
170,1.1982247829437256,0.2955656349658966,1.8053182363510132,,,,,,,,,
171,1.1940560340881348,0.2899916470050812,1.8081287145614624,,,,,,,,,
172,1.1982612609863281,0.29486826062202454,1.8067859411239624,,,,,,,,,
173,1.200744390487671,0.29916688799858093,1.8031550645828247,,,,,,,,,
174,1.1993376016616821,0.29987213015556335,1.7989308834075928,,,,,,,,,
175,1.2015634775161743,0.3008731007575989,1.8013807535171509,,,,,,,,,
176,1.1960859298706055,0.2955029010772705,1.8011661767959595,,,,,,,,,
177,1.2011593580245972,0.2988611161708832,1.8045964241027832,,,,,,,,,
178,1.197533369064331,0.2934042811393738,1.8082581758499146,,,,,,,,,
179,1.1966139078140259,0.2939833402633667,1.8052611351013184,,,,,,,,,
180,1.1999297142028809,0.2962016761302948,1.8074560165405273,,,,,,,,,
181,1.1992599964141846,0.29679247736930847,1.8049349784851074,,,,,,,,,
182,1.19864022731781,0.2950683534145355,1.8071438074111938,,,,,,,,,
183,1.2020553350448608,0.2979879677295685,1.8081347942352295,,,,,,,,,
184,1.2004156112670898,0.29797202348709106,1.804887056350708,,,,,,,,,
185,1.2032277584075928,0.30126526951789856,1.8039250373840332,,,,,,,,,
186,1.20590341091156,0.30499812960624695,1.801810622215271,,,,,,,,,
187,1.205042839050293,0.30329978466033936,1.8034859895706177,,,,,,,,,
188,1.206336259841919,0.3052756190299988,1.8021212816238403,,,,,,,,,
189,1.2055506706237793,0.2988072335720062,1.813486933708191,,,,,,,,,
190,1.2052505016326904,0.30333584547042847,1.8038291931152344,,,,,,,,,
191,1.2054760456085205,0.30214616656303406,1.8066596984863281,,,,,,,,,
192,1.2025913000106812,0.30221402645111084,1.8007545471191406,,,,,,,,,
193,1.2036547660827637,0.30528801679611206,1.7967336177825928,,,,,,,,,
194,1.2000205516815186,0.30069664120674133,1.7986478805541992,,,,,,,,,
195,1.2033239603042603,0.3028724789619446,1.8009029626846313,,,,,,,,,
196,1.206951379776001,0.30504608154296875,1.803810477256775,,,,,,,,,
197,1.205521583557129,0.30751243233680725,1.796018362045288,,,,,,,,,
198,1.2011234760284424,0.3000142276287079,1.8022184371948242,,,,,,,,,
199,1.2085347175598145,0.30899256467819214,1.799084186553955,,,,,,,,,
200,1.204245686531067,0.3036484718322754,1.801194429397583,,,,,,,,,
201,1.2059983015060425,0.3062210977077484,1.7995543479919434,,,,,,,,,
202,1.2085390090942383,0.31039199233055115,1.7962939739227295,,,,,,,,,
203,1.2053394317626953,0.30653828382492065,1.7976024150848389,,,,,,,,,
204,1.2040916681289673,0.30440986156463623,1.799363613128662,,,,,,,,,
205,1.2080481052398682,0.30554988980293274,1.804996371269226,,,,,,,,,
206,1.2080382108688354,0.30635228753089905,1.8033719062805176,,,,,,,,,
207,1.210309386253357,0.30793070793151855,1.8047573566436768,,,,,,,,,
208,1.2101088762283325,0.30487585067749023,1.8104660511016846,,,,,,,,,
209,1.2168450355529785,0.3142027258872986,1.8052845001220703,,,,,,,,,
210,1.2021647691726685,0.3048172891139984,1.7946949005126953,,,,,,,,,
211,1.2104638814926147,0.3097347021102905,1.8014583587646484,,,,,,,,,
212,1.2019788026809692,0.3034934401512146,1.7969707250595093,,,,,,,,,
213,1.2061800956726074,0.30697205662727356,1.7984161376953125,,,,,,,,,
214,1.2072631120681763,0.3026820123195648,1.8091621398925781,,,,,,,,,
215,1.2109355926513672,0.3067149817943573,1.808441162109375,,,,,,,,,
216,1.2174301147460938,0.31497034430503845,1.8049196004867554,,,,,,,,,
217,1.2112010717391968,0.311585009098053,1.7992321252822876,,,,,,,,,
218,1.2057429552078247,0.3101651072502136,1.7911556959152222,,,,,,,,,
219,1.207802176475525,0.3141283392906189,1.787347674369812,,,,,,,,,
220,1.2129590511322021,0.32346925139427185,1.7789796590805054,,,,,,,,,
221,1.209120273590088,0.3149960935115814,1.7882484197616577,,,,,,,,,
222,1.2139583826065063,0.3138637840747833,1.8001892566680908,,,,,,,,,
223,1.2129254341125488,0.30696168541908264,1.8119275569915771,,,,,,,,,
224,1.2185847759246826,0.30991965532302856,1.817330241203308,,,,,,,,,
225,1.2140830755233765,0.3134016692638397,1.8013628721237183,,,,,,,,,
226,1.2185345888137817,0.3182416558265686,1.8005858659744263,,,,,,,,,
227,1.2142927646636963,0.3172828257083893,1.7940199375152588,,,,,,,,,
228,1.2155674695968628,0.3192254602909088,1.7926839590072632,,,,,,,,,
229,1.2177304029464722,0.3203839361667633,1.7946929931640625,,,,,,,,,
230,1.215905785560608,0.31816792488098145,1.795475721359253,,,,,,,,,
231,1.2155838012695312,0.3172786235809326,1.7966102361679077,,,,,,,,,
232,1.2162007093429565,0.3168356120586395,1.7987302541732788,,,,,,,,,
233,1.217692494392395,0.31202641129493713,1.8113322257995605,,,,,,,,,
234,1.2182164192199707,0.31428220868110657,1.807868480682373,,,,,,,,,
235,1.2168368101119995,0.3179731070995331,1.797727346420288,,,,,,,,,
236,1.220062255859375,0.3239821791648865,1.7921600341796875,,,,,,,,,
237,1.214944839477539,0.31999123096466064,1.7899070978164673,,,,,,,,,
238,1.2184315919876099,0.3207146227359772,1.7954339981079102,,,,,,,,,
239,1.2189558744430542,0.3221149444580078,1.7936818599700928,,,,,,,,,
240,1.221166968345642,0.3241709768772125,1.7939919233322144,,,,,,,,,
241,1.2136988639831543,0.31459033489227295,1.7982171773910522,,,,,,,,,
242,1.221603512763977,0.31686508655548096,1.8094768524169922,,,,,,,,,
243,1.2231183052062988,0.3208780288696289,1.8044804334640503,,,,,,,,,
244,1.2227520942687988,0.3225551247596741,1.800394058227539,,,,,,,,,
245,1.2244503498077393,0.3280865550041199,1.7927275896072388,,,,,,,,,
246,1.2239516973495483,0.3279002904891968,1.7921028137207031,,,,,,,,,
247,1.2203425168991089,0.32525697350502014,1.7901710271835327,,,,,,,,,
248,1.224882960319519,0.3243650496006012,1.8010358810424805,,,,,,,,,
249,1.2229382991790771,0.324726402759552,1.7964237928390503,,,,,,,,,
250,1.2296786308288574,0.3336801826953888,1.791996955871582,,,,,,,,,
251,1.2302569150924683,0.33227840065956116,1.795957088470459,,,,,,,,,
252,1.22360360622406,0.32616254687309265,1.79488205909729,,,,,,,,,
253,1.2197742462158203,0.3211011290550232,1.7973462343215942,,,,,,,,,
254,1.2348849773406982,0.33178460597991943,1.8062007427215576,,,,,,,,,
255,1.2162517309188843,0.3171243369579315,1.7982548475265503,,,,,,,,,
256,1.2222387790679932,0.32740461826324463,1.7896682024002075,,,,,,,,,
257,1.2264832258224487,0.3329356014728546,1.7870951890945435,,,,,,,,,
258,1.2273762226104736,0.3306000232696533,1.793552279472351,,,,,,,,,
259,1.2294033765792847,0.33031243085861206,1.7981818914413452,,,,,,,,,
260,1.2260197401046753,0.33073800802230835,1.7905634641647339,,,,,,,,,
261,1.2274259328842163,0.3276768922805786,1.7994980812072754,,,,,,,,,
262,1.2280160188674927,0.32946470379829407,1.7971025705337524,,,,,,,,,
263,1.2289001941680908,0.32920265197753906,1.7993950843811035,,,,,,,,,
264,1.2330735921859741,0.334865540266037,1.7964160442352295,,,,,,,,,
265,1.2324531078338623,0.3361132740974426,1.7926795482635498,,,,,,,,,
266,1.2238101959228516,0.33014026284217834,1.7873398065567017,,,,,,,,,
267,1.2285616397857666,0.331745445728302,1.7936323881149292,,,,,,,,,
268,1.2296993732452393,0.3298451900482178,1.7997084856033325,,,,,,,,,
269,1.2353850603103638,0.33681347966194153,1.7971431016921997,,,,,,,,,
270,1.2341136932373047,0.3363257646560669,1.7955758571624756,,,,,,,,,
271,1.2387142181396484,0.34309661388397217,1.7912352085113525,,,,,,,,,
272,1.234894871711731,0.3360934257507324,1.797602891921997,,,,,,,,,
273,1.2331982851028442,0.3338153064250946,1.798766016960144,,,,,,,,,
274,1.2333574295043945,0.33632054924964905,1.7940738201141357,,,,,,,,,
275,1.2316516637802124,0.33504441380500793,1.7932145595550537,,,,,,,,,
276,1.2299535274505615,0.33452871441841125,1.7908495664596558,,,,,,,,,
277,1.2405662536621094,0.34570080041885376,1.7897307872772217,,,,,,,,,
278,1.2364227771759033,0.33981627225875854,1.793212890625,,,,,,,,,
279,1.240126609802246,0.34129661321640015,1.7976598739624023,,,,,,,,,
280,1.2430328130722046,0.34592774510383606,1.7942101955413818,,,,,,,,,
281,1.2419103384017944,0.34555792808532715,1.7927048206329346,,,,,,,,,
282,1.2372301816940308,0.33826810121536255,1.7979241609573364,,,,,,,,,
283,1.2351102828979492,0.33501070737838745,1.800199270248413,,,,,,,,,
284,1.239930272102356,0.3468535542488098,1.7861534357070923,,,,,,,,,
285,1.241367220878601,0.3476262390613556,1.7874820232391357,,,,,,,,,
286,1.231076717376709,0.33967578411102295,1.782801866531372,,,,,,,,,
287,1.2347359657287598,0.34254562854766846,1.7843807935714722,,,,,,,,,
288,1.240767478942871,0.3436409831047058,1.794252872467041,,,,,,,,,
289,1.2382866144180298,0.3345973789691925,1.8073784112930298,,,,,,,,,
290,1.2318137884140015,0.33162203431129456,1.8003835678100586,,,,,,,,,
291,1.2344794273376465,0.33512061834335327,1.7987176179885864,,,,,,,,,
292,1.2449685335159302,0.34888017177581787,1.7921767234802246,,,,,,,,,
293,1.2439833879470825,0.3511263430118561,1.785714030265808,,,,,,,,,
294,1.2447819709777832,0.3544202744960785,1.7807234525680542,,,,,,,,,
295,1.248369812965393,0.35503846406936646,1.7866626977920532,,,,,,,,,
296,1.2419523000717163,0.3427288234233856,1.7984468936920166,,,,,,,,,
297,1.243203043937683,0.3411182165145874,1.8041696548461914,,,,,,,,,
298,1.2474486827850342,0.34250637888908386,1.8098846673965454,,,,,,,,,
299,1.2386584281921387,0.33957791328430176,1.7981609106063843,,,,,,,,,
300,1.2371830940246582,0.33822816610336304,1.7979099750518799,,,,,,,,,
301,1.2401177883148193,0.3475584387779236,1.7851186990737915,,,,,,,,,
302,1.2381922006607056,0.3498673141002655,1.776649832725525,,,,,,,,,
303,1.2326774597167969,0.34362122416496277,1.7781124114990234,,,,,,,,,
304,1.242278814315796,0.3450164198875427,1.7945247888565063,,,,,,,,,
305,1.2340631484985352,0.33570167422294617,1.7967228889465332,,,,,,,,,
306,1.2457191944122314,0.34334149956703186,1.804755449295044,,,,,,,,,
307,1.2444677352905273,0.3421001136302948,1.8047351837158203,,,,,,,,,
308,1.241940975189209,0.3449498414993286,1.7939823865890503,,,,,,,,,
309,1.242009162902832,0.348643034696579,1.7867321968078613,,,,,,,,,
310,1.2365702390670776,0.3479331433773041,1.7772741317749023,,,,,,,,,
311,1.2502996921539307,0.3576558828353882,1.7852874994277954,,,,,,,,,
312,1.2476840019226074,0.3477362394332886,1.7998955249786377,,,,,,,,,
313,1.247604489326477,0.35256192088127136,1.7900850772857666,,,,,,,,,
314,1.2489337921142578,0.3522014617919922,1.7934647798538208,,,,,,,,,
315,1.2379783391952515,0.3433658480644226,1.7892249822616577,,,,,,,,,
316,1.2425497770309448,0.3443134129047394,1.7964727878570557,,,,,,,,,
317,1.2480419874191284,0.34946486353874207,1.797154188156128,,,,,,,,,
318,1.2431225776672363,0.3469923436641693,1.7922605276107788,,,,,,,,,
319,1.2394073009490967,0.34722381830215454,1.7843668460845947,,,,,,,,,
320,1.2486391067504883,0.35434210300445557,1.7885938882827759,,,,,,,,,
321,1.2457711696624756,0.3498624563217163,1.791817545890808,,,,,,,,,
322,1.2466487884521484,0.34679341316223145,1.7997108697891235,,,,,,,,,
323,1.2406694889068604,0.3473588824272156,1.786621332168579,,,,,,,,,
324,1.246003270149231,0.3514539301395416,1.7890987396240234,,,,,,,,,
325,1.2498233318328857,0.35426604747772217,1.7911144495010376,,,,,,,,,
326,1.2439380884170532,0.3503550589084625,1.7871661186218262,,,,,,,,,
327,1.253528118133545,0.35572105646133423,1.7956141233444214,,,,,,,,,
328,1.2530711889266968,0.35820770263671875,1.789726972579956,,,,,,,,,
329,1.2573438882827759,0.3607536554336548,1.7931804656982422,,,,,,,,,
330,1.247391939163208,0.3555302619934082,1.78372323513031,,,,,,,,,
331,1.2472717761993408,0.3552194833755493,1.784104585647583,,,,,,,,,
332,1.258709192276001,0.36354976892471313,1.7903187274932861,,,,,,,,,
333,1.2427847385406494,0.3444785475730896,1.7966123819351196,,,,,,,,,
334,1.2464416027069092,0.3491625189781189,1.7945582866668701,,,,,,,,,
335,1.2562745809555054,0.3594784438610077,1.7935922145843506,,,,,,,,,
336,1.2547762393951416,0.3550885021686554,1.7993755340576172,,,,,,,,,
337,1.2502204179763794,0.35738620162010193,1.7856683731079102,,,,,,,,,
338,1.2457891702651978,0.35474637150764465,1.7820855379104614,,,,,,,,,
339,1.2751903533935547,0.3779911398887634,1.7943984270095825,,,,,,,,,
340,1.256227970123291,0.36037787795066833,1.7917002439498901,,,,,,,,,
341,1.2551028728485107,0.3589716851711273,1.792262315750122,,,,,,,,,
342,1.2568035125732422,0.3620625138282776,1.7894818782806396,,,,,,,,,
343,1.2531585693359375,0.36056390404701233,1.7851892709732056,,,,,,,,,
344,1.2467706203460693,0.348217248916626,1.7971068620681763,,,,,,,,,
345,1.2642927169799805,0.3634694218635559,1.8016465902328491,,,,,,,,,
346,1.2631105184555054,0.36658740043640137,1.793046236038208,,,,,,,,,
347,1.2598483562469482,0.36374062299728394,1.7922154664993286,,,,,,,,,
348,1.2607402801513672,0.36801356077194214,1.7854535579681396,,,,,,,,,
349,1.262298583984375,0.37150895595550537,1.7815793752670288,,,,,,,,,
350,1.2533864974975586,0.359997421503067,1.786778211593628,,,,,,,,,
351,1.2597061395645142,0.36920467019081116,1.7810028791427612,,,,,,,,,
352,1.266906499862671,0.37264013290405273,1.7885328531265259,,,,,,,,,
353,1.2772603034973145,0.3784489631652832,1.7976226806640625,,,,,,,,,
354,1.2579249143600464,0.3609110414981842,1.7940278053283691,,,,,,,,,
355,1.2623937129974365,0.36818045377731323,1.788426399230957,,,,,,,,,
356,1.2710226774215698,0.3723681569099426,1.7973090410232544,,,,,,,,,
357,1.2645363807678223,0.37151432037353516,1.7860441207885742,,,,,,,,,
358,1.262762427330017,0.37058717012405396,1.7843505144119263,,,,,,,,,
359,1.2618366479873657,0.36657288670539856,1.790527582168579,,,,,,,,,
360,1.2611039876937866,0.3623009920120239,1.7976059913635254,,,,,,,,,
361,1.263780951499939,0.3672959506511688,1.792970061302185,,,,,,,,,
362,1.2601544857025146,0.36247017979621887,1.7953685522079468,,,,,,,,,
363,1.2607386112213135,0.3651760220527649,1.7911250591278076,,,,,,,,,
364,1.2524223327636719,0.36087101697921753,1.7831026315689087,,,,,,,,,
365,1.2559090852737427,0.36029744148254395,1.7912232875823975,,,,,,,,,
366,1.2655085325241089,0.367352157831192,1.796312689781189,,,,,,,,,
367,1.25176203250885,0.3548505902290344,1.7938228845596313,,,,,,,,,
368,1.2606048583984375,0.3619377911090851,1.7973341941833496,,,,,,,,,
369,1.2663382291793823,0.37066569924354553,1.7913450002670288,,,,,,,,,
370,1.265367865562439,0.3700112998485565,1.7907130718231201,,,,,,,,,
371,1.274782657623291,0.3775596618652344,1.7944461107254028,,,,,,,,,
372,1.263076663017273,0.3691706955432892,1.7878118753433228,,,,,,,,,
373,1.2631406784057617,0.3677285611629486,1.790824294090271,,,,,,,,,
374,1.2620704174041748,0.36629441380500793,1.791551947593689,,,,,,,,,
375,1.2622671127319336,0.3703683614730835,1.7837973833084106,,,,,,,,,
376,1.267833948135376,0.37365415692329407,1.788359522819519,,,,,,,,,
377,1.2741063833236694,0.37716159224510193,1.7938896417617798,,,,,,,,,
378,1.2589685916900635,0.36102670431137085,1.7958837747573853,,,,,,,,,
379,1.2649085521697998,0.3675476312637329,1.7947219610214233,,,,,,,,,
380,1.264015555381775,0.3667218089103699,1.79458749294281,,,,,,,,,
381,1.2572886943817139,0.3644935190677643,1.7855902910232544,,,,,,,,,
382,1.2583600282669067,0.36431896686553955,1.7880821228027344,,,,,,,,,
383,1.2769896984100342,0.3810752034187317,1.791828989982605,,,,,,,,,
384,1.270269513130188,0.37477293610572815,1.790993094444275,,,,,,,,,
385,1.263555645942688,0.3662022352218628,1.7947068214416504,,,,,,,,,
386,1.2644615173339844,0.3671487271785736,1.7946255207061768,,,,,,,,,
387,1.2793042659759521,0.3848883807659149,1.7888318300247192,,,,,,,,,
388,1.2765262126922607,0.3813355565071106,1.7903813123703003,,,,,,,,,
389,1.2659883499145508,0.3727421164512634,1.7864924669265747,,,,,,,,,
390,1.2628041505813599,0.36834749579429626,1.7889132499694824,,,,,,,,,
391,1.2780803442001343,0.3808135688304901,1.7945334911346436,,,,,,,,,
392,1.2760893106460571,0.383390873670578,1.785396933555603,,,,,,,,,
393,1.2700512409210205,0.3704712688922882,1.7991600036621094,,,,,,,,,
394,1.2650151252746582,0.36951082944869995,1.7910085916519165,,,,,,,,,
395,1.2666730880737305,0.37220829725265503,1.7889295816421509,,,,,,,,,
396,1.2761495113372803,0.37995168566703796,1.7923957109451294,,,,,,,,,
397,1.2855439186096191,0.3894543945789337,1.792178988456726,,,,,,,,,
398,1.265184998512268,0.3672803044319153,1.7958093881607056,,,,,,,,,
399,1.276631474494934,0.3795703947544098,1.7941222190856934,,,,,,,,,
400,1.276978611946106,0.3835955560207367,1.7867661714553833,,,,,,,,,
401,1.2862985134124756,0.39155852794647217,1.7894798517227173,,,,,,,,,
402,1.2825639247894287,0.38254642486572266,1.800034999847412,,,,,,,,,
403,1.2874822616577148,0.38444313406944275,1.806078314781189,,,,,,,,,
404,1.284258484840393,0.38898542523384094,1.790546178817749,,,,,,,,,
405,1.2883617877960205,0.3961173892021179,1.7844889163970947,,,,,,,,,
406,1.2816658020019531,0.39079946279525757,1.7817327976226807,,,,,,,,,
407,1.2701594829559326,0.3773746192455292,1.7855697870254517,,,,,,,,,
408,1.2738336324691772,0.3787520229816437,1.7901631593704224,,,,,,,,,
409,1.2744193077087402,0.3833543360233307,1.7821300029754639,,,,,,,,,
410,1.2880940437316895,0.39120686054229736,1.7937744855880737,,,,,,,,,
411,1.2874923944473267,0.386283278465271,1.8024182319641113,,,,,,,,,
412,1.281229019165039,0.3843512237071991,1.7937556505203247,,,,,,,,,
413,1.2741658687591553,0.3812200427055359,1.7858915328979492,,,,,,,,,
414,1.272660255432129,0.37679508328437805,1.791730284690857,,,,,,,,,
415,1.2796746492385864,0.38989928364753723,1.7795506715774536,,,,,,,,,
416,1.2869833707809448,0.3924637734889984,1.7890392541885376,,,,,,,,,
417,1.2825922966003418,0.3896103799343109,1.785963773727417,,,,,,,,,
418,1.27278733253479,0.3726694583892822,1.8002357482910156,,,,,,,,,
419,1.2806649208068848,0.3839661478996277,1.7933974266052246,,,,,,,,,
420,1.2860032320022583,0.3879033327102661,1.7961997985839844,,,,,,,,,
421,1.2721762657165527,0.37354204058647156,1.7972683906555176,,,,,,,,,
422,1.2844871282577515,0.3930240273475647,1.7829262018203735,,,,,,,,,
423,1.268886923789978,0.3739487826824188,1.7898763418197632,,,,,,,,,
424,1.2724649906158447,0.3814900517463684,1.7819499969482422,,,,,,,,,
425,1.2698618173599243,0.37465599179267883,1.7904117107391357,,,,,,,,,
426,1.2834609746932983,0.3888052701950073,1.789311408996582,,,,,,,,,
427,1.293876051902771,0.39472314715385437,1.7983057498931885,,,,,,,,,
428,1.29452645778656,0.3924630582332611,1.8041268587112427,,,,,,,,,
429,1.2832069396972656,0.3857424557209015,1.794929027557373,,,,,,,,,
430,1.2916693687438965,0.39368247985839844,1.795973777770996,,,,,,,,,
431,1.2812681198120117,0.3847012221813202,1.7931337356567383,,,,,,,,,
432,1.2883225679397583,0.39459705352783203,1.7874510288238525,,,,,,,,,
433,1.3016479015350342,0.4091721177101135,1.7849515676498413,,,,,,,,,
434,1.2761465311050415,0.3804428279399872,1.7914073467254639,,,,,,,,,
435,1.3055200576782227,0.4095851480960846,1.791869878768921,,,,,,,,,
436,1.2813262939453125,0.38686704635620117,1.7889184951782227,,,,,,,,,
437,1.2892494201660156,0.39283275604248047,1.7928333282470703,,,,,,,,,
438,1.2933175563812256,0.3949618935585022,1.7967113256454468,,,,,,,,,
439,1.287702202796936,0.3930797576904297,1.7892448902130127,,,,,,,,,
440,1.291742205619812,0.3981383740901947,1.7872077226638794,,,,,,,,,
441,1.2915825843811035,0.39976149797439575,1.783642053604126,,,,,,,,,
442,1.285278081893921,0.39089325070381165,1.7887696027755737,,,,,,,,,
443,1.2853981256484985,0.38281741738319397,1.8051613569259644,,,,,,,,,
444,1.2852610349655151,0.38126492500305176,1.8079922199249268,,,,,,,,,
445,1.2845274209976196,0.3843979835510254,1.8002588748931885,,,,,,,,,
446,1.2927758693695068,0.39977630972862244,1.785999059677124,,,,,,,,,
447,1.2660391330718994,0.3753407597541809,1.7813966274261475,,,,,,,,,
448,1.2776951789855957,0.3838273286819458,1.7877355813980103,,,,,,,,,
449,1.273604393005371,0.37660181522369385,1.794005274772644,,,,,,,,,
450,1.2783094644546509,0.38251322507858276,1.7915924787521362,,,,,,,,,
451,1.2846938371658325,0.3838173449039459,1.801753044128418,,,,,,,,,
452,1.2900865077972412,0.39575088024139404,1.7886713743209839,,,,,,,,,
453,1.283177137374878,0.39029407501220703,1.7857662439346313,,,,,,,,,
454,1.285814881324768,0.3971306383609772,1.7773685455322266,,,,,,,,,
455,1.285554051399231,0.39406976103782654,1.782968521118164,,,,,,,,,
456,1.303098440170288,0.4050300121307373,1.796136736869812,,,,,,,,,
457,1.2772111892700195,0.37702012062072754,1.8003822565078735,,,,,,,,,
458,1.2901947498321533,0.38592568039894104,1.8085380792617798,,,,,,,,,
459,1.2887715101242065,0.39648547768592834,1.7845721244812012,,,,,,,,,
460,1.2985548973083496,0.4086706042289734,1.779768705368042,,,,,,,,,
461,1.28218412399292,0.39472153782844543,1.7749251127243042,,,,,,,,,
462,1.2887383699417114,0.3910544812679291,1.7953678369522095,,,,,,,,,
463,1.2954777479171753,0.40069982409477234,1.7895557880401611,,,,,,,,,
464,1.2925034761428833,0.39262691140174866,1.799753189086914,,,,,,,,,
465,1.289093255996704,0.3917015492916107,1.794783353805542,,,,,,,,,
466,1.2935421466827393,0.394399493932724,1.7982852458953857,,,,,,,,,
467,1.2826244831085205,0.3849948048591614,1.7952593564987183,,,,,,,,,
468,1.2892895936965942,0.3964388966560364,1.7857013940811157,,,,,,,,,
469,1.2851474285125732,0.3885648548603058,1.7931650876998901,,,,,,,,,
470,1.3078385591506958,0.40932193398475647,1.7970333099365234,,,,,,,,,
471,1.286881923675537,0.3861398994922638,1.8014841079711914,,,,,,,,,
472,1.2883015871047974,0.38903334736824036,1.7985365390777588,,,,,,,,,
473,1.2918765544891357,0.39663124084472656,1.7904905080795288,,,,,,,,,
474,1.3062645196914673,0.40626659989356995,1.7999958992004395,,,,,,,,,
475,1.287772297859192,0.3916308581829071,1.7922828197479248,,,,,,,,,
476,1.2936732769012451,0.4034624993801117,1.780421495437622,,,,,,,,,
477,1.3055229187011719,0.4124186038970947,1.7862085103988647,,,,,,,,,
478,1.3074382543563843,0.4101104438304901,1.794655680656433,,,,,,,,,
479,1.3075169324874878,0.4070177376270294,1.8009984493255615,,,,,,,,,
480,1.2919421195983887,0.3902808129787445,1.8033225536346436,,,,,,,,,
481,1.2957857847213745,0.3989647924900055,1.7936419248580933,,,,,,,,,
482,1.301785945892334,0.41107043623924255,1.781430959701538,,,,,,,,,
483,1.2890830039978027,0.39966580271720886,1.7788344621658325,,,,,,,,,
484,1.3017098903656006,0.40798136591911316,1.7874571084976196,,,,,,,,,
485,1.29198157787323,0.39616909623146057,1.7916250228881836,,,,,,,,,
486,1.2864577770233154,0.38806718587875366,1.7967811822891235,,,,,,,,,
487,1.2934635877609253,0.39794960618019104,1.7910279035568237,,,,,,,,,
488,1.291506290435791,0.3996734321117401,1.7836657762527466,,,,,,,,,
489,1.3050155639648438,0.4111872911453247,1.7876564264297485,,,,,,,,,
490,1.3002088069915771,0.4036954939365387,1.7930266857147217,,,,,,,,,
491,1.2838122844696045,0.39430344104766846,1.7790175676345825,,,,,,,,,
492,1.3172529935836792,0.42651620507240295,1.7814735174179077,,,,,,,,,
493,1.3034017086029053,0.4043896794319153,1.79802405834198,,,,,,,,,
494,1.3046900033950806,0.40241584181785583,1.8045483827590942,,,,,,,,,
495,1.3027369976043701,0.39955025911331177,1.8063733577728271,,,,,,,,,
496,1.299914836883545,0.4027843773365021,1.7942609786987305,,,,,,,,,
497,1.3022382259368896,0.4106826186180115,1.783111333847046,,,,,,,,,
498,1.2833014726638794,0.38715922832489014,1.7922844886779785,,,,,,,,,
499,1.321357250213623,0.42493167519569397,1.7928510904312134,,,,,,,,,
500,1.3073298931121826,0.4069858193397522,1.8006882667541504,,,,,,,,,
501,1.314103603363037,0.41530752182006836,1.797592043876648,,,,,,,,,
502,1.2980544567108154,0.40170103311538696,1.7927069664001465,,,,,,,,,
503,1.301163673400879,0.40109992027282715,1.800127387046814,,,,,,,,,
504,1.3057911396026611,0.4082045555114746,1.795173168182373,,,,,,,,,
505,1.2963988780975342,0.4015359878540039,1.789725661277771,,,,,,,,,
506,1.293462872505188,0.4012047350406647,1.7845163345336914,,,,,,,,,
507,1.297975778579712,0.4059999883174896,1.7839515209197998,,,,,,,,,
508,1.3092467784881592,0.40899303555488586,1.8005075454711914,,,,,,,,,
509,1.3090788125991821,0.4139212667942047,1.79031503200531,,,,,,,,,
510,1.2973240613937378,0.40395012497901917,1.786747932434082,,,,,,,,,
511,1.30572509765625,0.41017234325408936,1.7911053895950317,,,,,,,,,
512,1.3033679723739624,0.4048406481742859,1.797054648399353,,,,,,,,,
513,1.312768816947937,0.41753655672073364,1.7904645204544067,,,,,,,,,
514,1.2965539693832397,0.4027647078037262,1.7875784635543823,,,,,,,,,
515,1.3188257217407227,0.4240305423736572,1.7895902395248413,,,,,,,,,
516,1.291023850440979,0.392781525850296,1.7964847087860107,,,,,,,,,
517,1.2939625978469849,0.3934762477874756,1.8009727001190186,,,,,,,,,
518,1.318961262702942,0.418585866689682,1.800750732421875,,,,,,,,,
519,1.289656162261963,0.39718520641326904,1.7849420309066772,,,,,,,,,
520,1.3144514560699463,0.4196593463420868,1.7895841598510742,,,,,,,,,
521,1.2995777130126953,0.40674981474876404,1.7856558561325073,,,,,,,,,
522,1.2929961681365967,0.39443156123161316,1.7971292734146118,,,,,,,,,
523,1.304115891456604,0.40714892745018005,1.7939339876174927,,,,,,,,,
524,1.306760311126709,0.40789249539375305,1.797735571861267,,,,,,,,,
525,1.3176240921020508,0.42300963401794434,1.7892287969589233,,,,,,,,,
526,1.3115108013153076,0.41552820801734924,1.7919652462005615,,,,,,,,,
527,1.2978613376617432,0.40911033749580383,1.7775019407272339,,,,,,,,,
528,1.3084124326705933,0.41422349214553833,1.7883778810501099,,,,,,,,,
529,1.3005788326263428,0.40366920828819275,1.7938193082809448,,,,,,,,,
530,1.2871391773223877,0.3927570581436157,1.7887641191482544,,,,,,,,,
531,1.2940044403076172,0.4000791311264038,1.7878506183624268,,,,,,,,,
532,1.297212839126587,0.40237319469451904,1.7896792888641357,,,,,,,,,
533,1.3080530166625977,0.40996766090393066,1.7961708307266235,,,,,,,,,
534,1.2986061573028564,0.39921313524246216,1.798785924911499,,,,,,,,,
535,1.2877744436264038,0.3939018249511719,1.7877452373504639,,,,,,,,,
536,1.3065768480300903,0.4078838527202606,1.7973859310150146,,,,,,,,,
537,1.3020063638687134,0.4100673496723175,1.7838780879974365,,,,,,,,,
538,1.2895551919937134,0.39339005947113037,1.792330265045166,,,,,,,,,
539,1.3219108581542969,0.4254247844219208,1.7929720878601074,,,,,,,,,
540,1.300845980644226,0.4002367854118347,1.8012183904647827,,,,,,,,,
541,1.3079242706298828,0.41070497035980225,1.7944386005401611,,,,,,,,,
542,1.2893450260162354,0.39555123448371887,1.7875875234603882,,,,,,,,,
543,1.299438714981079,0.40493813157081604,1.7890011072158813,,,,,,,,,
544,1.29793119430542,0.4010211229324341,1.7938201427459717,,,,,,,,,
545,1.3098727464675903,0.4104112684726715,1.7989228963851929,,,,,,,,,
546,1.2942301034927368,0.40009427070617676,1.7882716655731201,,,,,,,,,
547,1.3170063495635986,0.4221836030483246,1.7896455526351929,,,,,,,,,
548,1.3066494464874268,0.41057610511779785,1.7921465635299683,,,,,,,,,
549,1.2996464967727661,0.40617772936820984,1.7869375944137573,,,,,,,,,
550,1.3067655563354492,0.4038578271865845,1.8058154582977295,,,,,,,,,
551,1.290815830230713,0.3919152319431305,1.7978012561798096,,,,,,,,,
552,1.3073865175247192,0.4103180170059204,1.7941370010375977,,,,,,,,,
553,1.3137259483337402,0.4198482036590576,1.7877556085586548,,,,,,,,,
554,1.2955193519592285,0.4036136269569397,1.7838115692138672,,,,,,,,,
555,1.3079144954681396,0.4114684760570526,1.7928919792175293,,,,,,,,,
556,1.3120198249816895,0.41147446632385254,1.8010905981063843,,,,,,,,,
557,1.3137056827545166,0.411792516708374,1.8038263320922852,,,,,,,,,
558,1.3240914344787598,0.42238256335258484,1.803417682647705,,,,,,,,,
559,1.2922924757003784,0.39572322368621826,1.7931385040283203,,,,,,,,,
560,1.3106814622879028,0.4167763292789459,1.7878103256225586,,,,,,,,,
561,1.3050436973571777,0.4126254916191101,1.7848364114761353,,,,,,,,,
562,1.3030893802642822,0.41103947162628174,1.784099817276001,,,,,,,,,
563,1.3063842058181763,0.4123211205005646,1.7881261110305786,,,,,,,,,
564,1.3214401006698608,0.4223189353942871,1.7982423305511475,,,,,,,,,
565,1.3031713962554932,0.4028957486152649,1.800551414489746,,,,,,,,,
566,1.3141425848007202,0.41572681069374084,1.7968316078186035,,,,,,,,,
567,1.307719111442566,0.40850552916526794,1.7984272241592407,,,,,,,,,
568,1.323944330215454,0.4291253387928009,1.7896380424499512,,,,,,,,,
569,1.3031741380691528,0.41246458888053894,1.781419038772583,,,,,,,,,
570,1.3085380792617798,0.4174197316169739,1.7822366952896118,,,,,,,,,
571,1.2973270416259766,0.4031466245651245,1.7883607149124146,,,,,,,,,
572,1.3029850721359253,0.4041747450828552,1.7976206541061401,,,,,,,,,
573,1.2977757453918457,0.39312806725502014,1.809295415878296,,,,,,,,,
574,1.325373649597168,0.4231474995613098,1.8044523000717163,,,,,,,,,
575,1.3218913078308105,0.4231840968132019,1.7974144220352173,,,,,,,,,
576,1.31644868850708,0.4223708510398865,1.7881555557250977,,,,,,,,,
577,1.3122763633728027,0.42006734013557434,1.7844181060791016,,,,,,,,,
578,1.3123383522033691,0.41756105422973633,1.7895545959472656,,,,,,,,,
579,1.3095139265060425,0.40882185101509094,1.8013840913772583,,,,,,,,,
580,1.3082339763641357,0.4131498336791992,1.7901684045791626,,,,,,,,,
581,1.3041683435440063,0.40608498454093933,1.7961667776107788,,,,,,,,,
582,1.310302495956421,0.41326233744621277,1.7940802574157715,,,,,,,,,
583,1.2845059633255005,0.3895345628261566,1.7899428606033325,,,,,,,,,
584,1.3186030387878418,0.4220910370349884,1.793023943901062,,,,,,,,,
585,1.3127695322036743,0.4154371917247772,1.794664740562439,,,,,,,,,
586,1.2984340190887451,0.404299259185791,1.7882695198059082,,,,,,,,,
587,1.3105010986328125,0.41501379013061523,1.7909746170043945,,,,,,,,,
588,1.3131303787231445,0.4186587929725647,1.7889430522918701,,,,,,,,,
589,1.3143333196640015,0.4139452278614044,1.8007762432098389,,,,,,,,,
590,1.3095636367797852,0.4104733467102051,1.7981806993484497,,,,,,,,,
591,1.3097773790359497,0.41094526648521423,1.7976642847061157,,,,,,,,,
592,1.3032039403915405,0.4090554714202881,1.7882969379425049,,,,,,,,,
593,1.3170353174209595,0.42143648862838745,1.791197657585144,,,,,,,,,
594,1.30771803855896,0.412364661693573,1.7907068729400635,,,,,,,,,
595,1.3016300201416016,0.4088578224182129,1.7855442762374878,,,,,,,,,
596,1.2964030504226685,0.3976462185382843,1.7975136041641235,,,,,,,,,
597,1.2982771396636963,0.404555082321167,1.787443995475769,,,,,,,,,
598,1.313018798828125,0.4122021198272705,1.8016334772109985,,,,,,,,,
599,1.318453073501587,0.4176783263683319,1.8015494346618652,,,,,,,,,
600,1.309075117111206,0.4110037684440613,1.7961426973342896,,,,,,,,,
601,1.3163976669311523,0.4181605279445648,1.7964743375778198,,,,,,,,,
602,1.2981563806533813,0.40450435876846313,1.7873040437698364,,,,,,,,,
603,1.3179900646209717,0.42650431394577026,1.7829713821411133,,,,,,,,,
604,1.2987642288208008,0.40171128511428833,1.794105887413025,,,,,,,,,
605,1.3060786724090576,0.40634965896606445,1.7994579076766968,,,,,,,,,
606,1.3109692335128784,0.41061362624168396,1.8007111549377441,,,,,,,,,
607,1.3276944160461426,0.4295484721660614,1.7962918281555176,,,,,,,,,
608,1.3097766637802124,0.41705140471458435,1.7854505777359009,,,,,,,,,
609,1.3051472902297974,0.4067436158657074,1.7968074083328247,,,,,,,,,
610,1.3245537281036377,0.428748220205307,1.7916109561920166,,,,,,,,,
611,1.3095455169677734,0.41118907928466797,1.7967127561569214,,,,,,,,,
612,1.3114142417907715,0.4115864038467407,1.7996556758880615,,,,,,,,,
613,1.3115779161453247,0.41330665349960327,1.7965425252914429,,,,,,,,,
614,1.3148869276046753,0.4200887382030487,1.789596438407898,,,,,,,,,
615,1.3096290826797485,0.415164977312088,1.7889282703399658,,,,,,,,,
616,1.3013485670089722,0.40798959136009216,1.7867178916931152,,,,,,,,,
617,1.2986648082733154,0.4030551314353943,1.7912193536758423,,,,,,,,,
618,1.3136687278747559,0.4168192446231842,1.793699026107788,,,,,,,,,
619,1.3226032257080078,0.4169088304042816,1.8113888502120972,,,,,,,,,
620,1.3245806694030762,0.42472541332244873,1.7997105121612549,,,,,,,,,
621,1.3111168146133423,0.4132048189640045,1.7958240509033203,,,,,,,,,
622,1.3095808029174805,0.4156610667705536,1.787839412689209,,,,,,,,,
623,1.307943344116211,0.4115743041038513,1.7927381992340088,,,,,,,,,
624,1.3180783987045288,0.4206360876560211,1.7948846817016602,,,,,,,,,
625,1.3000096082687378,0.40115705132484436,1.7977051734924316,,,,,,,,,
626,1.3125587701797485,0.4115234613418579,1.8020706176757812,,,,,,,,,
627,1.3041424751281738,0.4062287211418152,1.7958275079727173,,,,,,,,,
628,1.3139395713806152,0.41455233097076416,1.7987744808197021,,,,,,,,,
629,1.2923833131790161,0.3990471661090851,1.7866722345352173,,,,,,,,,
630,1.304438591003418,0.41558101773262024,1.7777152061462402,,,,,,,,,
631,1.3193320035934448,0.4247094988822937,1.7892450094223022,,,,,,,,,
632,1.3340420722961426,0.4351660907268524,1.7977519035339355,,,,,,,,,
633,1.28920316696167,0.3933089077472687,1.7917884588241577,,,,,,,,,
634,1.3254351615905762,0.43203985691070557,1.7867904901504517,,,,,,,,,
635,1.3122165203094482,0.41630834341049194,1.7918164730072021,,,,,,,,,
636,1.3076153993606567,0.41086527705192566,1.793500304222107,,,,,,,,,
637,1.3187990188598633,0.42135801911354065,1.79488205909729,,,,,,,,,
638,1.3168911933898926,0.4243740737438202,1.7850342988967896,,,,,,,,,
639,1.3016351461410522,0.40669381618499756,1.7898826599121094,,,,,,,,,
640,1.3139584064483643,0.41094887256622314,1.8060189485549927,,,,,,,,,
641,1.3096826076507568,0.40875905752182007,1.8018471002578735,,,,,,,,,
642,1.313754916191101,0.4126388132572174,1.802232265472412,,,,,,,,,
643,1.3063193559646606,0.4088028371334076,1.7950330972671509,,,,,,,,,
644,1.3214107751846313,0.42627766728401184,1.7902661561965942,,,,,,,,,
645,1.2980560064315796,0.40194326639175415,1.7922254800796509,,,,,,,,,
646,1.3131818771362305,0.41690948605537415,1.7925448417663574,,,,,,,,,
647,1.3117634057998657,0.41135355830192566,1.800819754600525,,,,,,,,,
648,1.3084676265716553,0.40365684032440186,1.8096216917037964,,,,,,,,,
649,1.3104727268218994,0.40385138988494873,1.8132425546646118,,,,,,,,,
650,1.3160167932510376,0.42196109890937805,1.7881114482879639,,,,,,,,,
651,1.3373334407806396,0.44494110345840454,1.7847845554351807,,,,,,,,,
652,1.3074737787246704,0.41025713086128235,1.794433355331421,,,,,,,,,
653,1.3123688697814941,0.4162095785140991,1.7923184633255005,,,,,,,,,
654,1.3180155754089355,0.421185702085495,1.7936598062515259,,,,,,,,,
655,1.3139359951019287,0.4152698516845703,1.7973321676254272,,,,,,,,,
656,1.295729160308838,0.39613232016563416,1.7991936206817627,,,,,,,,,
657,1.30116605758667,0.39809831976890564,1.8061355352401733,,,,,,,,,
658,1.3081448078155518,0.41180941462516785,1.7926708459854126,,,,,,,,,
659,1.3144432306289673,0.4240264296531677,1.7808336019515991,,,,,,,,,
660,1.305804967880249,0.4116177558898926,1.7883743047714233,,,,,,,,,
661,1.3099206686019897,0.41116175055503845,1.7975178956985474,,,,,,,,,
662,1.3140125274658203,0.4134882390499115,1.8010485172271729,,,,,,,,,
663,1.3031628131866455,0.40443155169487,1.7974625825881958,,,,,,,,,
664,1.3261513710021973,0.42480093240737915,1.8027008771896362,,,,,,,,,
665,1.3180562257766724,0.41718122363090515,1.8017499446868896,,,,,,,,,
666,1.3057124614715576,0.4154355823993683,1.7805536985397339,,,,,,,,,
667,1.3120684623718262,0.41844427585601807,1.7872482538223267,,,,,,,,,
668,1.3000892400741577,0.40337488055229187,1.793428659439087,,,,,,,,,
669,1.3185877799987793,0.42013612389564514,1.7969032526016235,,,,,,,,,
670,1.2978944778442383,0.401711642742157,1.792365550994873,,,,,,,,,
671,1.305090308189392,0.4084826409816742,1.793215274810791,,,,,,,,,
672,1.3099682331085205,0.41180968284606934,1.7963169813156128,,,,,,,,,
673,1.3196730613708496,0.42155906558036804,1.7962279319763184,,,,,,,,,
674,1.2985209226608276,0.4017011225223541,1.7936395406723022,,,,,,,,,
675,1.3104254007339478,0.41519421339035034,1.7904623746871948,,,,,,,,,
676,1.305240511894226,0.4042437970638275,1.8019933700561523,,,,,,,,,
677,1.3198201656341553,0.41852429509162903,1.8025916814804077,,,,,,,,,
678,1.3287655115127563,0.42946773767471313,1.7985955476760864,,,,,,,,,
679,1.3074307441711426,0.41210582852363586,1.7906498908996582,,,,,,,,,
680,1.3161852359771729,0.4179110527038574,1.7965482473373413,,,,,,,,,
681,1.3112974166870117,0.4137759208679199,1.7950429916381836,,,,,,,,,
682,1.3043609857559204,0.40390434861183167,1.8009132146835327,,,,,,,,,
683,1.3157480955123901,0.41843095421791077,1.7946343421936035,,,,,,,,,
684,1.3167542219161987,0.4168729782104492,1.799762487411499,,,,,,,,,
685,1.319793462753296,0.42266759276390076,1.794251799583435,,,,,,,,,
686,1.302003026008606,0.40941163897514343,1.7851828336715698,,,,,,,,,
687,1.3049798011779785,0.40654826164245605,1.7968629598617554,,,,,,,,,
688,1.2933354377746582,0.39719024300575256,1.7922903299331665,,,,,,,,,
689,1.3186492919921875,0.42059066891670227,1.7961173057556152,,,,,,,,,
690,1.3117787837982178,0.4108177423477173,1.801922082901001,,,,,,,,,
691,1.3167564868927002,0.4147034287452698,1.8041061162948608,,,,,,,,,
692,1.3055864572525024,0.41272446513175964,1.7857239246368408,,,,,,,,,
693,1.3300178050994873,0.4387407898902893,1.782554030418396,,,,,,,,,
694,1.310477614402771,0.4117353856563568,1.7974843978881836,,,,,,,,,
695,1.3186969757080078,0.415048748254776,1.8072963953018188,,,,,,,,,
696,1.3150380849838257,0.41356605291366577,1.8029440641403198,,,,,,,,,
697,1.3281683921813965,0.4259391129016876,1.8044586181640625,,,,,,,,,
698,1.3082636594772339,0.41227486729621887,1.7919775247573853,,,,,,,,,
699,1.3278205394744873,0.4326251745223999,1.7903906106948853,,,,,,,,,
700,1.3077692985534668,0.41465020179748535,1.7862380743026733,,,,,,,,,
701,1.2861590385437012,0.39321839809417725,1.7858814001083374,,,,,,,,,
702,1.3028508424758911,0.40737608075141907,1.7909495830535889,,,,,,,,,
703,1.3103045225143433,0.41220635175704956,1.7961963415145874,,,,,,,,,
704,1.3187549114227295,0.41767916083335876,1.8021514415740967,,,,,,,,,
705,1.315920114517212,0.41971802711486816,1.792404055595398,,,,,,,,,
706,1.3202887773513794,0.4254036247730255,1.7897703647613525,,,,,,,,,
707,1.3161354064941406,0.42163071036338806,1.78900945186615,,,,,,,,,
708,1.3219335079193115,0.42758476734161377,1.7886974811553955,,,,,,,,,
709,1.3201301097869873,0.4187708795070648,1.8027185201644897,,,,,,,,,
710,1.3187227249145508,0.41713324189186096,1.8031789064407349,,,,,,,,,
711,1.3080064058303833,0.40878477692604065,1.79844331741333,,,,,,,,,
712,1.3291937112808228,0.430726557970047,1.7969342470169067,,,,,,,,,
713,1.2957379817962646,0.3993452787399292,1.7927852869033813,,,,,,,,,
714,1.3146127462387085,0.41373908519744873,1.8017473220825195,,,,,,,,,
715,1.3508055210113525,0.4521358907222748,1.7973393201828003,,,,,,,,,
716,1.323099136352539,0.4275969862937927,1.7910041809082031,,,,,,,,,
717,1.325817346572876,0.42447566986083984,1.8026834726333618,,,,,,,,,
718,1.312994360923767,0.4173594117164612,1.7912698984146118,,,,,,,,,
719,1.3245106935501099,0.4242062270641327,1.8006089925765991,,,,,,,,,
720,1.3146567344665527,0.4185066819190979,1.7923002243041992,,,,,,,,,
721,1.2977975606918335,0.4069596827030182,1.7816758155822754,,,,,,,,,
722,1.3016104698181152,0.4062105119228363,1.790799856185913,,,,,,,,,
723,1.3155418634414673,0.41680586338043213,1.7974720001220703,,,,,,,,,
724,1.3125489950180054,0.41582709550857544,1.7934437990188599,,,,,,,,,
725,1.307356595993042,0.4096713066101074,1.7953705787658691,,,,,,,,,
726,1.3027865886688232,0.4045969545841217,1.7963792085647583,,,,,,,,,
727,1.3312320709228516,0.43087172508239746,1.8007206916809082,,,,,,,,,
728,1.3210147619247437,0.4262087047100067,1.789612054824829,,,,,,,,,
729,1.3273710012435913,0.4378848969936371,1.7789722681045532,,,,,,,,,
730,1.309007167816162,0.4150383770465851,1.7879375219345093,,,,,,,,,
731,1.3153938055038452,0.41514402627944946,1.8004995584487915,,,,,,,,,
732,1.3002033233642578,0.4006238579750061,1.7991588115692139,,,,,,,,,
733,1.3157457113265991,0.4175097644329071,1.7964719533920288,,,,,,,,,
734,1.2993006706237793,0.39871862530708313,1.801164150238037,,,,,,,,,
735,1.3226335048675537,0.4191663861274719,1.8069343566894531,,,,,,,,,
736,1.3062306642532349,0.40730419754981995,1.797852873802185,,,,,,,,,
737,1.305668830871582,0.40825480222702026,1.7948280572891235,,,,,,,,,
738,1.3207595348358154,0.4261445999145508,1.7892299890518188,,,,,,,,,
739,1.3089604377746582,0.4122122824192047,1.7934963703155518,,,,,,,,,
740,1.3136024475097656,0.4152449071407318,1.7967150211334229,,,,,,,,,
741,1.297108769416809,0.3999618887901306,1.794293761253357,,,,,,,,,
742,1.311780333518982,0.41462835669517517,1.7943040132522583,,,,,,,,,
743,1.3303718566894531,0.42953386902809143,1.8016759157180786,,,,,,,,,
744,1.3106557130813599,0.4101976752281189,1.800916075706482,,,,,,,,,
745,1.3286231756210327,0.4288848042488098,1.7994767427444458,,,,,,,,,
746,1.2957936525344849,0.40000733733177185,1.7915725708007812,,,,,,,,,
747,1.3079445362091064,0.4137272238731384,1.7884347438812256,,,,,,,,,
748,1.3176292181015015,0.42042264342308044,1.7944130897521973,,,,,,,,,
749,1.3066245317459106,0.41134727001190186,1.7905545234680176,,,,,,,,,
750,1.302229642868042,0.4064667224884033,1.791525959968567,,,,,,,,,
751,1.3059403896331787,0.40807145833969116,1.7957377433776855,,,,,,,,,
752,1.3136483430862427,0.4140331447124481,1.7992304563522339,,,,,,,,,
753,1.2966448068618774,0.39530593156814575,1.8026777505874634,,,,,,,,,
754,1.3079549074172974,0.40709564089775085,1.8017185926437378,,,,,,,,,
755,1.3039242029190063,0.40795913338661194,1.791930079460144,,,,,,,,,
756,1.294113039970398,0.3986894190311432,1.7908471822738647,,,,,,,,,
757,1.3118163347244263,0.4128734767436981,1.797885775566101,,,,,,,,,
758,1.3145365715026855,0.4171489179134369,1.7947752475738525,,,,,,,,,
759,1.2958238124847412,0.4001425802707672,1.7913624048233032,,,,,,,,,
760,1.318455696105957,0.4223538041114807,1.7922039031982422,,,,,,,,,
761,1.3156163692474365,0.41570380330085754,1.7998250722885132,,,,,,,,,
762,1.3202698230743408,0.42189913988113403,1.796741247177124,,,,,,,,,
763,1.3214223384857178,0.4202210605144501,1.8024024963378906,,,,,,,,,
764,1.3096715211868286,0.41590139269828796,1.787540316581726,,,,,,,,,
765,1.2983424663543701,0.3962826430797577,1.80411958694458,,,,,,,,,
766,1.29537832736969,0.4000648558139801,1.790626883506775,,,,,,,,,
767,1.3036718368530273,0.4128122925758362,1.7817190885543823,,,,,,,,,
768,1.3017621040344238,0.4078892171382904,1.787745714187622,,,,,,,,,
769,1.3163779973983765,0.4175508916378021,1.7976542711257935,,,,,,,,,
770,1.3108948469161987,0.4088948667049408,1.803999900817871,,,,,,,,,
771,1.3252028226852417,0.4210180342197418,1.808369517326355,,,,,,,,,
772,1.321054458618164,0.42373260855674744,1.7946436405181885,,,,,,,,,
773,1.3051488399505615,0.4112931489944458,1.787711262702942,,,,,,,,,
774,1.2999179363250732,0.405803382396698,1.7882291078567505,,,,,,,,,
775,1.2968413829803467,0.40379011631011963,1.7861024141311646,,,,,,,,,
776,1.3199689388275146,0.4227854907512665,1.7943668365478516,,,,,,,,,
777,1.3113305568695068,0.4157886207103729,1.791083812713623,,,,,,,,,
778,1.3041880130767822,0.4055930972099304,1.7971898317337036,,,,,,,,,
779,1.3080494403839111,0.40461817383766174,1.8068625926971436,,,,,,,,,
780,1.2967486381530762,0.39337024092674255,1.806756854057312,,,,,,,,,
781,1.316148042678833,0.42027613520622253,1.7917438745498657,,,,,,,,,
782,1.2995764017105103,0.40019136667251587,1.7987700700759888,,,,,,,,,
783,1.313599705696106,0.4184482991695404,1.7903028726577759,,,,,,,,,
784,1.3121193647384644,0.4110853970050812,1.8020679950714111,,,,,,,,,
785,1.3031878471374512,0.40482744574546814,1.7967208623886108,,,,,,,,,
786,1.3014225959777832,0.40319377183914185,1.7964576482772827,,,,,,,,,
787,1.3146617412567139,0.4189106523990631,1.7915021181106567,,,,,,,,,
788,1.307018756866455,0.40757063031196594,1.798896312713623,,,,,,,,,
789,1.3097351789474487,0.4105417728424072,1.798386812210083,,,,,,,,,
790,1.3044437170028687,0.40543463826179504,1.798018217086792,,,,,,,,,
791,1.3216146230697632,0.4226154386997223,1.797998309135437,,,,,,,,,
792,1.2942638397216797,0.39536482095718384,1.7977979183197021,,,,,,,,,
793,1.3066084384918213,0.40881118178367615,1.795594573020935,,,,,,,,,
794,1.304980993270874,0.41153860092163086,1.7868849039077759,,,,,,,,,
795,1.3274439573287964,0.4296008050441742,1.7956862449645996,,,,,,,,,
796,1.2984371185302734,0.40193498134613037,1.7930042743682861,,,,,,,,,
797,1.2981637716293335,0.3943198621273041,1.807687759399414,,,,,,,,,
798,1.305182695388794,0.4071192443370819,1.7961268424987793,,,,,,,,,
799,1.3121455907821655,0.41222095489501953,1.799849271774292,,,,,,,,,
800,1.3084542751312256,0.41186901926994324,1.7931705713272095,,,,,,,,,
801,1.2990171909332275,0.4000093340873718,1.7980157136917114,,,,,,,,,
802,1.3131216764450073,0.4177909791469574,1.790661334991455,,,,,,,,,
803,1.3039058446884155,0.4116087257862091,1.7845942974090576,,,,,,,,,
804,1.3035930395126343,0.404594749212265,1.7979966402053833,,,,,,,,,
805,1.2863022089004517,0.3864120543003082,1.7997803688049316,,,,,,,,,
806,1.2968069314956665,0.3973267376422882,1.7989603281021118,,,,,,,,,
807,1.306702733039856,0.4084443151950836,1.7965168952941895,,,,,,,,,
808,1.2909287214279175,0.3919040560722351,1.7980493307113647,,,,,,,,,
809,1.289556622505188,0.39483642578125,1.789440393447876,,,,,,,,,
810,1.3073315620422363,0.41093146800994873,1.7928000688552856,,,,,,,,,
811,1.3096681833267212,0.41632595658302307,1.786684513092041,,,,,,,,,
812,1.3077161312103271,0.40816056728363037,1.7991111278533936,,,,,,,,,
813,1.3003511428833008,0.3975123167037964,1.8056776523590088,,,,,,,,,
814,1.2958054542541504,0.3933071792125702,1.8049964904785156,,,,,,,,,
815,1.3065376281738281,0.40642574429512024,1.8002238273620605,,,,,,,,,
816,1.293286681175232,0.3946206867694855,1.7973320484161377,,,,,,,,,
817,1.2831413745880127,0.38639092445373535,1.7935010194778442,,,,,,,,,
818,1.316287875175476,0.4165267050266266,1.7995222806930542,,,,,,,,,
819,1.3173768520355225,0.4187714457511902,1.7972108125686646,,,,,,,,,
820,1.2847024202346802,0.3875676691532135,1.7942695617675781,,,,,,,,,
821,1.3062832355499268,0.40952450037002563,1.7935173511505127,,,,,,,,,
822,1.3017956018447876,0.40940403938293457,1.784783124923706,,,,,,,,,
823,1.299410343170166,0.3980276882648468,1.8027653694152832,,,,,,,,,
824,1.3021392822265625,0.402737021446228,1.7988044023513794,,,,,,,,,
825,1.3089641332626343,0.4145887792110443,1.7887507677078247,,,,,,,,,
826,1.3161579370498657,0.41790881752967834,1.79649817943573,,,,,,,,,
827,1.302962303161621,0.4040834307670593,1.7977577447891235,,,,,,,,,
828,1.3064110279083252,0.406678169965744,1.7994656562805176,,,,,,,,,
829,1.2849853038787842,0.38771316409111023,1.7945443391799927,,,,,,,,,
830,1.3028900623321533,0.4099727272987366,1.785834789276123,,,,,,,,,
831,1.2878822088241577,0.39193248748779297,1.7918994426727295,,,,,,,,,
832,1.300377607345581,0.39979737997055054,1.8011603355407715,,,,,,,,,
833,1.2998788356781006,0.40412741899490356,1.791502833366394,,,,,,,,,
834,1.321114420890808,0.41903766989707947,1.8041534423828125,,,,,,,,,
835,1.313816785812378,0.41640937328338623,1.794814944267273,,,,,,,,,
836,1.3008842468261719,0.40252238512039185,1.7967236042022705,,,,,,,,,
837,1.294357419013977,0.4011783301830292,1.786358118057251,,,,,,,,,
838,1.3151261806488037,0.4241991639137268,1.7818540334701538,,,,,,,,,
839,1.3080683946609497,0.408998042345047,1.7981406450271606,,,,,,,,,
840,1.2986805438995361,0.39839068055152893,1.8005796670913696,,,,,,,,,
841,1.3074336051940918,0.4024287164211273,1.8100098371505737,,,,,,,,,
842,1.307678461074829,0.40657249093055725,1.8022119998931885,,,,,,,,,
843,1.3074440956115723,0.40980398654937744,1.7952802181243896,,,,,,,,,
844,1.300227165222168,0.40316760540008545,1.794119119644165,,,,,,,,,
845,1.2897756099700928,0.3938220143318176,1.7919070720672607,,,,,,,,,
846,1.2971779108047485,0.4012342393398285,1.7918874025344849,,,,,,,,,
847,1.2881219387054443,0.39380377531051636,1.7886362075805664,,,,,,,,,
848,1.2905772924423218,0.3894118070602417,1.8023309707641602,,,,,,,,,
849,1.3045320510864258,0.40465810894966125,1.7997478246688843,,,,,,,,,
850,1.2925212383270264,0.3954736292362213,1.7940952777862549,,,,,,,,,
851,1.3006235361099243,0.40234747529029846,1.7965521812438965,,,,,,,,,
852,1.3037002086639404,0.4089902639389038,1.7894197702407837,,,,,,,,,
853,1.310779333114624,0.4123736619949341,1.7968113422393799,,,,,,,,,
854,1.2937467098236084,0.39424431324005127,1.7990046739578247,,,,,,,,,
855,1.300200343132019,0.3992139399051666,1.8019728660583496,,,,,,,,,
856,1.3144433498382568,0.4162333607673645,1.7964198589324951,,,,,,,,,
857,1.3129682540893555,0.4145832061767578,1.7967702150344849,,,,,,,,,
858,1.3043193817138672,0.4073498547077179,1.7939391136169434,,,,,,,,,
859,1.2927027940750122,0.39637431502342224,1.7926570177078247,,,,,,,,,
860,1.297210931777954,0.39967644214630127,1.7950689792633057,,,,,,,,,
861,1.3133602142333984,0.4110114276409149,1.8046976327896118,,,,,,,,,
862,1.3057379722595215,0.40687158703804016,1.7977328300476074,,,,,,,,,
863,1.29983389377594,0.39979639649391174,1.8000750541687012,,,,,,,,,
864,1.2912007570266724,0.3940657675266266,1.7942699193954468,,,,,,,,,
865,1.2959363460540771,0.3993871808052063,1.7930982112884521,,,,,,,,,
866,1.3132545948028564,0.41638076305389404,1.7937475442886353,,,,,,,,,
867,1.2788770198822021,0.38522666692733765,1.7873005867004395,,,,,,,,,
868,1.2966420650482178,0.39724409580230713,1.7987960577011108,,,,,,,,,
869,1.3058831691741943,0.4092448353767395,1.7932765483856201,,,,,,,,,
870,1.2810654640197754,0.3827001452445984,1.7967305183410645,,,,,,,,,
871,1.2986211776733398,0.3997105360031128,1.7978211641311646,,,,,,,,,
872,1.2903281450271606,0.39468908309936523,1.7912781238555908,,,,,,,,,
873,1.2801661491394043,0.3884008228778839,1.783530592918396,,,,,,,,,
874,1.329829454421997,0.42922911047935486,1.8012006282806396,,,,,,,,,
875,1.301289677619934,0.40278366208076477,1.7970119714736938,,,,,,,,,
876,1.2951217889785767,0.3958251178264618,1.798593282699585,,,,,,,,,
877,1.2988637685775757,0.4028337299823761,1.7920600175857544,,,,,,,,,
878,1.302674651145935,0.40455636382102966,1.796236515045166,,,,,,,,,
879,1.3028082847595215,0.4038205146789551,1.7979756593704224,,,,,,,,,
880,1.2991392612457275,0.39739102125167847,1.8034963607788086,,,,,,,,,
881,1.2916098833084106,0.3964751660823822,1.7902694940567017,,,,,,,,,
882,1.2954745292663574,0.4035848081111908,1.783779501914978,,,,,,,,,
883,1.295314073562622,0.3965148627758026,1.7975983619689941,,,,,,,,,
884,1.3080449104309082,0.4095265567302704,1.7970367670059204,,,,,,,,,
885,1.3067281246185303,0.40668928623199463,1.8000777959823608,,,,,,,,,
886,1.2886326313018799,0.39105474948883057,1.7951557636260986,,,,,,,,,
887,1.2862637042999268,0.39008772373199463,1.7923520803451538,,,,,,,,,
888,1.3042309284210205,0.4066232144832611,1.795215368270874,,,,,,,,,
889,1.2873783111572266,0.39129555225372314,1.7921656370162964,,,,,,,,,
890,1.2903066873550415,0.39467713236808777,1.7912591695785522,,,,,,,,,
891,1.3049625158309937,0.4081893861293793,1.7935463190078735,,,,,,,,,
892,1.2969664335250854,0.39374467730522156,1.806443452835083,,,,,,,,,
893,1.3090399503707886,0.41031017899513245,1.797459602355957,,,,,,,,,
894,1.2946451902389526,0.4030318558216095,1.783226728439331,,,,,,,,,
895,1.314598560333252,0.4197099208831787,1.7897772789001465,,,,,,,,,
896,1.3026657104492188,0.4045478105545044,1.7962359189987183,,,,,,,,,
897,1.2992050647735596,0.4037373960018158,1.7909353971481323,,,,,,,,,
898,1.3209582567214966,0.42050275206565857,1.8009110689163208,,,,,,,,,
899,1.2790024280548096,0.38520511984825134,1.7875946760177612,,,,,,,,,
900,1.2859280109405518,0.3884466886520386,1.7949625253677368,,,,,,,,,
901,1.2946383953094482,0.3938792943954468,1.8015180826187134,,,,,,,,,
902,1.3052932024002075,0.40115299820899963,1.808280348777771,,,,,,,,,
903,1.2973878383636475,0.3947708308696747,1.8052340745925903,,,,,,,,,
904,1.2884517908096313,0.39065876603126526,1.7955859899520874,,,,,,,,,
905,1.2843244075775146,0.3883567452430725,1.7919353246688843,,,,,,,,,
906,1.2996416091918945,0.40144309401512146,1.796397089958191,,,,,,,,,
907,1.2858383655548096,0.3895131051540375,1.792650580406189,,,,,,,,,
908,1.2904987335205078,0.3936215937137604,1.7937543392181396,,,,,,,,,
909,1.2916419506072998,0.39262399077415466,1.798035979270935,,,,,,,,,
910,1.2971534729003906,0.39669618010520935,1.8009145259857178,,,,,,,,,
911,1.292697548866272,0.3951278626918793,1.7951393127441406,,,,,,,,,
912,1.2943134307861328,0.40207940340042114,1.7844680547714233,,,,,,,,,
913,1.2969268560409546,0.39600667357444763,1.8018403053283691,,,,,,,,,
914,1.2858526706695557,0.3915567100048065,1.7885918617248535,,,,,,,,,
915,1.3034991025924683,0.40308448672294617,1.800829291343689,,,,,,,,,
916,1.289621353149414,0.3905312120914459,1.798180341720581,,,,,,,,,
917,1.300487756729126,0.40275663137435913,1.7954621315002441,,,,,,,,,
918,1.2914763689041138,0.3951852023601532,1.792582392692566,,,,,,,,,
919,1.2965301275253296,0.39953145384788513,1.7939972877502441,,,,,,,,,
920,1.2804274559020996,0.38286495208740234,1.7951250076293945,,,,,,,,,
921,1.2760052680969238,0.38060563802719116,1.7907993793487549,,,,,,,,,
922,1.2980761528015137,0.3972228169441223,1.8017066717147827,,,,,,,,,
923,1.29408860206604,0.396957129240036,1.7942630052566528,,,,,,,,,
924,1.2893065214157104,0.39290401339530945,1.7928050756454468,,,,,,,,,
925,1.2896382808685303,0.3968799412250519,1.785516619682312,,,,,,,,,
926,1.293898582458496,0.3962435722351074,1.795310139656067,,,,,,,,,
927,1.2908689975738525,0.39078184962272644,1.8001742362976074,,,,,,,,,
928,1.2985801696777344,0.3976093530654907,1.8019415140151978,,,,,,,,,
929,1.2968965768814087,0.40164074301719666,1.7905116081237793,,,,,,,,,
930,1.3022937774658203,0.4034169912338257,1.7977536916732788,,,,,,,,,
931,1.2806366682052612,0.38106146454811096,1.7991504669189453,,,,,,,,,
932,1.2980316877365112,0.39912149310112,1.7978203296661377,,,,,,,,,
933,1.289860725402832,0.38784682750701904,1.8040276765823364,,,,,,,,,
934,1.2917919158935547,0.39576613903045654,1.7920514345169067,,,,,,,,,
935,1.2979580163955688,0.4054981470108032,1.7849197387695312,,,,,,,,,
936,1.3022642135620117,0.40707212686538696,1.790384292602539,,,,,,,,,
937,1.2969681024551392,0.39957305788993835,1.7947901487350464,,,,,,,,,
938,1.2911195755004883,0.3926370143890381,1.7969651222229004,,,,,,,,,
939,1.297310709953308,0.39904454350471497,1.7965322732925415,,,,,,,,,
940,1.2950952053070068,0.39491796493530273,1.8003544807434082,,,,,,,,,
941,1.2815492153167725,0.38402751088142395,1.7950433492660522,,,,,,,,,
942,1.2853200435638428,0.3874070942401886,1.7958259582519531,,,,,,,,,
943,1.2937852144241333,0.3994334042072296,1.7887036800384521,,,,,,,,,
944,1.3064004182815552,0.40646451711654663,1.799871802330017,,,,,,,,,
945,1.284175992012024,0.3865792453289032,1.7951934337615967,,,,,,,,,
946,1.2919812202453613,0.39542800188064575,1.7931064367294312,,,,,,,,,
947,1.2888104915618896,0.3887770175933838,1.8000668287277222,,,,,,,,,
948,1.2836952209472656,0.38791424036026,1.7915618419647217,,,,,,,,,
949,1.2837474346160889,0.3831000328063965,1.8012949228286743,,,,,,,,,
950,1.2969915866851807,0.39341312646865845,1.807157039642334,,,,,,,,,
951,1.308318018913269,0.4105882942676544,1.795459508895874,,,,,,,,,
952,1.2956401109695435,0.3953655958175659,1.800549030303955,,,,,,,,,
953,1.2860645055770874,0.39031916856765747,1.7914906740188599,,,,,,,,,
954,1.2885956764221191,0.3935147523880005,1.7901619672775269,,,,,,,,,
955,1.2794041633605957,0.38336247205734253,1.792083501815796,,,,,,,,,
956,1.293979525566101,0.3903466761112213,1.8072656393051147,,,,,,,,,
957,1.298018217086792,0.39691853523254395,1.802199363708496,,,,,,,,,
958,1.2889209985733032,0.3896446228027344,1.7985527515411377,,,,,,,,,
959,1.3078523874282837,0.40984997153282166,1.7960048913955688,,,,,,,,,
960,1.2941385507583618,0.4005376100540161,1.7872018814086914,,,,,,,,,
961,1.2923076152801514,0.3974727988243103,1.7896697521209717,,,,,,,,,
962,1.3025331497192383,0.40822160243988037,1.7886229753494263,,,,,,,,,
963,1.2882511615753174,0.3898964822292328,1.796709418296814,,,,,,,,,
964,1.2816662788391113,0.3860916495323181,1.7911492586135864,,,,,,,,,
965,1.2895636558532715,0.3859748840332031,1.8071776628494263,,,,,,,,,
966,1.2886110544204712,0.38945695757865906,1.798308253288269,,,,,,,,,
967,1.2851767539978027,0.386415034532547,1.7975234985351562,,,,,,,,,
968,1.2833549976348877,0.3845907747745514,1.7975283861160278,,,,,,,,,
969,1.2827343940734863,0.3861492872238159,1.7931702136993408,,,,,,,,,
970,1.2848083972930908,0.39050084352493286,1.788615107536316,,,,,,,,,
971,1.2872848510742188,0.38944554328918457,1.7956784963607788,,,,,,,,,
972,1.2928224802017212,0.3961798846721649,1.7932851314544678,,,,,,,,,
973,1.2744193077087402,0.37981271743774414,1.7892131805419922,,,,,,,,,
974,1.3051437139511108,0.4084617793560028,1.7933639287948608,,,,,,,,,
975,1.2992682456970215,0.3997473120689392,1.7990418672561646,,,,,,,,,
976,1.2961182594299316,0.39275795221328735,1.8067207336425781,,,,,,,,,
977,1.2942609786987305,0.3973991870880127,1.7937235832214355,,,,,,,,,
978,1.2907804250717163,0.39484626054763794,1.7918683290481567,,,,,,,,,
979,1.2901593446731567,0.393264502286911,1.7937897443771362,,,,,,,,,
980,1.2991949319839478,0.4081685543060303,1.782052755355835,,,,,,,,,
981,1.303285002708435,0.4022596776485443,1.8020507097244263,,,,,,,,,
982,1.2940219640731812,0.3924430310726166,1.8031578063964844,,,,,,,,,
983,1.2935938835144043,0.3924703896045685,1.8022470474243164,,,,,,,,,
984,1.270902395248413,0.3744008541107178,1.7930030822753906,,,,,,,,,
985,1.2877278327941895,0.39191991090774536,1.7916157245635986,,,,,,,,,
986,1.2804839611053467,0.3851620554924011,1.7906439304351807,,,,,,,,,
987,1.2945911884307861,0.3981342315673828,1.792913794517517,,,,,,,,,
988,1.2870296239852905,0.3890905976295471,1.7958780527114868,,,,,,,,,
989,1.2934391498565674,0.3929234743118286,1.801031470298767,,,,,,,,,
990,1.282822847366333,0.3823205828666687,1.801004409790039,,,,,,,,,
991,1.2991167306900024,0.4054073691368103,1.7874187231063843,,,,,,,,,
992,1.2797086238861084,0.38404983282089233,1.7913177013397217,,,,,,,,,
993,1.288435935974121,0.38782769441604614,1.8012166023254395,,,,,,,,,
994,1.2899806499481201,0.39077311754226685,1.798414945602417,,,,,,,,,
995,1.289200782775879,0.38461872935295105,1.8091641664505005,,,,,,,,,
996,1.2882416248321533,0.38903912901878357,1.7984050512313843,,,,,,,,,
997,1.2848920822143555,0.38803866505622864,1.7937068939208984,,,,,,,,,
998,1.284037470817566,0.38923484086990356,1.7896052598953247,,,,,,,,,
999,1.311928153038025,0.4161066710948944,1.7916430234909058,,,,,,,,,
1000,1.2724802494049072,0.37909770011901855,1.786765217781067,0.7776238322257996,0.7776238322257996,0.22237616777420044,10.48051643371582,0.0006670103959141255,0.8627233505249023,4.10483980178833,-0.0,1.3609671592712402
