model,state_id,action,admissible,q_value
Behavior Cloning,681,0,1,16.160959243774414
Behavior Cloning,681,1,0,3.4379398822784424
Behavior Cloning,681,2,0,0.7138639092445374
Behavior Cloning,681,3,0,-0.12558487057685852
Behavior Cloning,681,4,0,2.2022407054901123
Behavior Cloning,681,5,0,5.165574073791504
Behavior Cloning,681,6,0,-0.9052371382713318
Behavior Cloning,681,7,0,-3.514686346054077
Behavior Cloning,681,8,0,-4.032282829284668
Behavior Cloning,681,9,0,-3.3063175678253174
Behavior Cloning,681,10,0,1.1945632696151733
Behavior Cloning,681,11,0,-6.904469013214111
Behavior Cloning,681,12,0,-4.2139434814453125
Behavior Cloning,681,13,0,-7.7371087074279785
Behavior Cloning,681,14,0,-11.387772560119629
Behavior Cloning,681,15,0,-0.10459324717521667
Behavior Cloning,681,16,0,-6.151759624481201
Behavior Cloning,681,17,0,-9.053367614746094
Behavior Cloning,681,18,0,-14.318744659423828
Behavior Cloning,681,19,0,-6.3131232261657715
Behavior Cloning,681,20,0,-2.4640135765075684
Behavior Cloning,681,21,0,-14.015616416931152
Behavior Cloning,681,22,0,-15.264237403869629
Behavior Cloning,681,23,0,-15.508376121520996
Behavior Cloning,681,24,0,-6.242947101593018
Behavior Cloning,682,0,1,11.635123252868652
Behavior Cloning,682,1,0,3.3765039443969727
Behavior Cloning,682,2,0,2.374392032623291
Behavior Cloning,682,3,0,-0.8254918456077576
Behavior Cloning,682,4,0,0.23582187294960022
Behavior Cloning,682,5,0,4.32424259185791
Behavior Cloning,682,6,0,-0.48051950335502625
Behavior Cloning,682,7,0,-3.8513638973236084
Behavior Cloning,682,8,0,-3.3355748653411865
Behavior Cloning,682,9,0,-4.017208576202393
Behavior Cloning,682,10,0,0.7752434015274048
Behavior Cloning,682,11,0,-1.4939967393875122
Behavior Cloning,682,12,0,0.7743942141532898
Behavior Cloning,682,13,0,-7.946535587310791
Behavior Cloning,682,14,0,-11.167413711547852
Behavior Cloning,682,15,0,-1.6504476070404053
Behavior Cloning,682,16,0,-0.42733457684516907
Behavior Cloning,682,17,0,-9.649995803833008
Behavior Cloning,682,18,0,-14.750137329101562
Behavior Cloning,682,19,0,-1.8068844079971313
Behavior Cloning,682,20,0,-2.057527780532837
Behavior Cloning,682,21,0,-17.717105865478516
Behavior Cloning,682,22,0,-12.242435455322266
Behavior Cloning,682,23,0,-15.011042594909668
Behavior Cloning,682,24,0,-7.253793716430664
Behavior Cloning,684,0,1,15.668750762939453
Behavior Cloning,684,1,0,4.765835285186768
Behavior Cloning,684,2,0,2.638010025024414
Behavior Cloning,684,3,0,-3.2195754051208496
Behavior Cloning,684,4,0,1.2339205741882324
Behavior Cloning,684,5,0,6.148034572601318
Behavior Cloning,684,6,0,1.7294328212738037
Behavior Cloning,684,7,0,-5.264890193939209
Behavior Cloning,684,8,0,-6.634491920471191
Behavior Cloning,684,9,0,-6.520798206329346
Behavior Cloning,684,10,0,3.9993820190429688
Behavior Cloning,684,11,0,-6.446110248565674
Behavior Cloning,684,12,0,-4.824542045593262
Behavior Cloning,684,13,0,-10.077794075012207
Behavior Cloning,684,14,0,-16.11932945251465
Behavior Cloning,684,15,0,-0.4954335391521454
Behavior Cloning,684,16,0,-6.061394691467285
Behavior Cloning,684,17,0,-7.79266357421875
Behavior Cloning,684,18,0,-18.82817840576172
Behavior Cloning,684,19,0,-9.265966415405273
Behavior Cloning,684,20,0,-0.5277092456817627
Behavior Cloning,684,21,0,-18.83974838256836
Behavior Cloning,684,22,0,-16.01873016357422
Behavior Cloning,684,23,0,-21.45527458190918
Behavior Cloning,684,24,0,-8.56868839263916
Behavior Cloning,687,0,1,18.368051528930664
Behavior Cloning,687,1,0,7.545680046081543
Behavior Cloning,687,2,0,2.465968132019043
Behavior Cloning,687,3,0,-1.9867959022521973
Behavior Cloning,687,4,0,1.2769755125045776
Behavior Cloning,687,5,0,7.614053726196289
Behavior Cloning,687,6,0,-2.808741807937622
Behavior Cloning,687,7,0,-5.913308620452881
Behavior Cloning,687,8,0,-5.429986476898193
Behavior Cloning,687,9,0,-8.241806030273438
Behavior Cloning,687,10,0,4.2691426277160645
Behavior Cloning,687,11,0,-3.4760477542877197
Behavior Cloning,687,12,0,1.9300068616867065
Behavior Cloning,687,13,0,-11.212578773498535
Behavior Cloning,687,14,0,-17.88843536376953
Behavior Cloning,687,15,0,-0.5534377098083496
Behavior Cloning,687,16,0,-3.86295747756958
Behavior Cloning,687,17,0,-13.19277286529541
Behavior Cloning,687,18,0,-23.404977798461914
Behavior Cloning,687,19,0,-6.2043890953063965
Behavior Cloning,687,20,0,-2.7604408264160156
Behavior Cloning,687,21,0,-28.9304256439209
Behavior Cloning,687,22,0,-23.08146858215332
Behavior Cloning,687,23,0,-26.66803741455078
Behavior Cloning,687,24,0,-10.867410659790039
Behavior Cloning,673,0,1,13.308046340942383
Behavior Cloning,673,1,0,0.9138756394386292
Behavior Cloning,673,2,0,-1.7752255201339722
Behavior Cloning,673,3,0,-1.6687947511672974
Behavior Cloning,673,4,0,3.4726085662841797
Behavior Cloning,673,5,0,5.251342296600342
Behavior Cloning,673,6,0,-1.898645043373108
Behavior Cloning,673,7,0,-3.1695876121520996
Behavior Cloning,673,8,0,-4.844521999359131
Behavior Cloning,673,9,0,-4.592823028564453
Behavior Cloning,673,10,0,3.9387471675872803
Behavior Cloning,673,11,0,-7.964279651641846
Behavior Cloning,673,12,0,-6.344628810882568
Behavior Cloning,673,13,0,-6.752233505249023
Behavior Cloning,673,14,0,-11.376909255981445
Behavior Cloning,673,15,0,1.799452781677246
Behavior Cloning,673,16,0,-8.550748825073242
Behavior Cloning,673,17,0,-7.954065799713135
Behavior Cloning,673,18,0,-14.474529266357422
Behavior Cloning,673,19,0,-11.184429168701172
Behavior Cloning,673,20,0,0.5219311714172363
Behavior Cloning,673,21,0,-10.894987106323242
Behavior Cloning,673,22,0,-13.088106155395508
Behavior Cloning,673,23,0,-15.400190353393555
Behavior Cloning,673,24,0,-4.449284553527832
Behavior Cloning,679,0,1,10.081338882446289
Behavior Cloning,679,1,1,7.759042739868164
Behavior Cloning,679,2,0,1.4977473020553589
Behavior Cloning,679,3,0,0.7025449275970459
Behavior Cloning,679,4,0,3.879448652267456
Behavior Cloning,679,5,0,4.051043510437012
Behavior Cloning,679,6,0,2.4309403896331787
Behavior Cloning,679,7,0,0.40800321102142334
Behavior Cloning,679,8,0,-2.0822134017944336
Behavior Cloning,679,9,0,-2.787916898727417
Behavior Cloning,679,10,0,2.582463264465332
Behavior Cloning,679,11,0,-1.4345217943191528
Behavior Cloning,679,12,0,-1.6465224027633667
Behavior Cloning,679,13,0,-5.012200355529785
Behavior Cloning,679,14,0,-10.170766830444336
Behavior Cloning,679,15,0,-0.966839075088501
Behavior Cloning,679,16,0,-3.2328379154205322
Behavior Cloning,679,17,0,-7.100912570953369
Behavior Cloning,679,18,0,-11.647377014160156
Behavior Cloning,679,19,0,-6.458600997924805
Behavior Cloning,679,20,0,-2.523388385772705
Behavior Cloning,679,21,0,-13.390481948852539
Behavior Cloning,679,22,0,-13.44877815246582
Behavior Cloning,679,23,0,-15.509173393249512
Behavior Cloning,679,24,0,-8.276084899902344
Behavior Cloning,24,0,1,13.724478721618652
Behavior Cloning,24,1,0,2.7824273109436035
Behavior Cloning,24,2,0,0.9685133695602417
Behavior Cloning,24,3,0,0.7350219488143921
Behavior Cloning,24,4,0,2.783294200897217
Behavior Cloning,24,5,0,3.7403857707977295
Behavior Cloning,24,6,0,-1.1837379932403564
Behavior Cloning,24,7,0,-2.3025317192077637
Behavior Cloning,24,8,0,-2.561771869659424
Behavior Cloning,24,9,0,-2.2509658336639404
Behavior Cloning,24,10,0,1.249326467514038
Behavior Cloning,24,11,0,-6.094414710998535
Behavior Cloning,24,12,0,-4.562786102294922
Behavior Cloning,24,13,0,-5.362161636352539
Behavior Cloning,24,14,0,-8.520066261291504
Behavior Cloning,24,15,0,-0.5802726745605469
Behavior Cloning,24,16,0,-5.59277868270874
Behavior Cloning,24,17,0,-5.9032158851623535
Behavior Cloning,24,18,0,-11.123661041259766
Behavior Cloning,24,19,0,-5.579122066497803
Behavior Cloning,24,20,0,-2.523184061050415
Behavior Cloning,24,21,0,-10.9686918258667
Behavior Cloning,24,22,0,-12.922222137451172
Behavior Cloning,24,23,0,-12.817230224609375
Behavior Cloning,24,24,0,-4.772204875946045
Behavior Cloning,25,0,1,14.409213066101074
Behavior Cloning,25,1,0,4.50325345993042
Behavior Cloning,25,2,0,1.2552590370178223
Behavior Cloning,25,3,0,1.6718655824661255
Behavior Cloning,25,4,0,5.673336029052734
Behavior Cloning,25,5,0,4.030600547790527
Behavior Cloning,25,6,0,-0.3002406060695648
Behavior Cloning,25,7,0,-0.5927978754043579
Behavior Cloning,25,8,0,-2.4386792182922363
Behavior Cloning,25,9,0,-2.3235063552856445
Behavior Cloning,25,10,0,1.7036490440368652
Behavior Cloning,25,11,0,-5.6880202293396
Behavior Cloning,25,12,0,-3.795850992202759
Behavior Cloning,25,13,0,-5.888467788696289
Behavior Cloning,25,14,0,-10.383952140808105
Behavior Cloning,25,15,0,-0.7611050605773926
Behavior Cloning,25,16,0,-5.144320011138916
Behavior Cloning,25,17,0,-7.819683074951172
Behavior Cloning,25,18,0,-13.306438446044922
Behavior Cloning,25,19,0,-6.811351299285889
Behavior Cloning,25,20,0,-3.0350430011749268
Behavior Cloning,25,21,0,-13.76864242553711
Behavior Cloning,25,22,0,-14.716004371643066
Behavior Cloning,25,23,0,-15.767658233642578
Behavior Cloning,25,24,0,-6.905229568481445
Conservative Q-Learning,681,0,1,16.99679183959961
Conservative Q-Learning,681,1,0,13.486382484436035
Conservative Q-Learning,681,2,0,13.500824928283691
Conservative Q-Learning,681,3,0,13.501729011535645
Conservative Q-Learning,681,4,0,13.496912956237793
Conservative Q-Learning,681,5,0,13.657533645629883
Conservative Q-Learning,681,6,0,13.52442741394043
Conservative Q-Learning,681,7,0,13.489252090454102
Conservative Q-Learning,681,8,0,13.487422943115234
Conservative Q-Learning,681,9,0,13.53280258178711
Conservative Q-Learning,681,10,0,13.472718238830566
Conservative Q-Learning,681,11,0,13.472105979919434
Conservative Q-Learning,681,12,0,13.512063980102539
Conservative Q-Learning,681,13,0,13.502598762512207
Conservative Q-Learning,681,14,0,13.467655181884766
Conservative Q-Learning,681,15,0,13.557000160217285
Conservative Q-Learning,681,16,0,13.500682830810547
Conservative Q-Learning,681,17,0,13.515438079833984
Conservative Q-Learning,681,18,0,13.530471801757812
Conservative Q-Learning,681,19,0,13.49007797241211
Conservative Q-Learning,681,20,0,13.718462944030762
Conservative Q-Learning,681,21,0,13.502307891845703
Conservative Q-Learning,681,22,0,13.54527473449707
Conservative Q-Learning,681,23,0,13.513741493225098
Conservative Q-Learning,681,24,0,13.577231407165527
Conservative Q-Learning,682,0,1,14.099136352539062
Conservative Q-Learning,682,1,0,10.944730758666992
Conservative Q-Learning,682,2,0,11.057393074035645
Conservative Q-Learning,682,3,0,10.919699668884277
Conservative Q-Learning,682,4,0,10.97489070892334
Conservative Q-Learning,682,5,0,11.104546546936035
Conservative Q-Learning,682,6,0,10.955862045288086
Conservative Q-Learning,682,7,0,10.932336807250977
Conservative Q-Learning,682,8,0,10.92616081237793
Conservative Q-Learning,682,9,0,10.937952041625977
Conservative Q-Learning,682,10,0,10.909396171569824
Conservative Q-Learning,682,11,0,10.97611141204834
Conservative Q-Learning,682,12,0,10.958635330200195
Conservative Q-Learning,682,13,0,10.934081077575684
Conservative Q-Learning,682,14,0,10.900899887084961
Conservative Q-Learning,682,15,0,10.93077278137207
Conservative Q-Learning,682,16,0,10.914527893066406
Conservative Q-Learning,682,17,0,10.922595977783203
Conservative Q-Learning,682,18,0,10.941267967224121
Conservative Q-Learning,682,19,0,10.909612655639648
Conservative Q-Learning,682,20,0,10.991754531860352
Conservative Q-Learning,682,21,0,10.946139335632324
Conservative Q-Learning,682,22,0,10.943358421325684
Conservative Q-Learning,682,23,0,11.003549575805664
Conservative Q-Learning,682,24,0,11.005980491638184
Conservative Q-Learning,684,0,1,18.25927734375
Conservative Q-Learning,684,1,0,14.630515098571777
Conservative Q-Learning,684,2,0,14.657438278198242
Conservative Q-Learning,684,3,0,14.639707565307617
Conservative Q-Learning,684,4,0,14.609794616699219
Conservative Q-Learning,684,5,0,14.905014991760254
Conservative Q-Learning,684,6,0,14.614800453186035
Conservative Q-Learning,684,7,0,14.583841323852539
Conservative Q-Learning,684,8,0,14.62627124786377
Conservative Q-Learning,684,9,0,14.651010513305664
Conservative Q-Learning,684,10,0,14.56468391418457
Conservative Q-Learning,684,11,0,14.600661277770996
Conservative Q-Learning,684,12,0,14.624394416809082
Conservative Q-Learning,684,13,0,14.56594181060791
Conservative Q-Learning,684,14,0,14.618648529052734
Conservative Q-Learning,684,15,0,14.582602500915527
Conservative Q-Learning,684,16,0,14.617026329040527
Conservative Q-Learning,684,17,0,14.619775772094727
Conservative Q-Learning,684,18,0,14.64894962310791
Conservative Q-Learning,684,19,0,14.609764099121094
Conservative Q-Learning,684,20,0,14.754908561706543
Conservative Q-Learning,684,21,0,14.609283447265625
Conservative Q-Learning,684,22,0,14.663039207458496
Conservative Q-Learning,684,23,0,14.665637969970703
Conservative Q-Learning,684,24,0,14.647444725036621
Conservative Q-Learning,687,0,1,15.208358764648438
Conservative Q-Learning,687,1,0,11.908982276916504
Conservative Q-Learning,687,2,0,11.865324974060059
Conservative Q-Learning,687,3,0,11.866477012634277
Conservative Q-Learning,687,4,0,11.873250961303711
Conservative Q-Learning,687,5,0,11.933756828308105
Conservative Q-Learning,687,6,0,11.840714454650879
Conservative Q-Learning,687,7,0,11.882097244262695
Conservative Q-Learning,687,8,0,11.902423858642578
Conservative Q-Learning,687,9,0,11.89889144897461
Conservative Q-Learning,687,10,0,11.89795207977295
Conservative Q-Learning,687,11,0,11.896241188049316
Conservative Q-Learning,687,12,0,11.879568099975586
Conservative Q-Learning,687,13,0,11.868457794189453
Conservative Q-Learning,687,14,0,11.895394325256348
Conservative Q-Learning,687,15,0,11.893393516540527
Conservative Q-Learning,687,16,0,11.906801223754883
Conservative Q-Learning,687,17,0,11.903640747070312
Conservative Q-Learning,687,18,0,11.919232368469238
Conservative Q-Learning,687,19,0,11.890142440795898
Conservative Q-Learning,687,20,0,11.881077766418457
Conservative Q-Learning,687,21,0,11.908920288085938
Conservative Q-Learning,687,22,0,11.91167163848877
Conservative Q-Learning,687,23,0,11.87944221496582
Conservative Q-Learning,687,24,0,11.965105056762695
Conservative Q-Learning,673,0,1,15.143070220947266
Conservative Q-Learning,673,1,0,11.725095748901367
Conservative Q-Learning,673,2,0,11.730870246887207
Conservative Q-Learning,673,3,0,11.7298583984375
Conservative Q-Learning,673,4,0,11.75296688079834
Conservative Q-Learning,673,5,0,11.537467002868652
Conservative Q-Learning,673,6,0,11.738265991210938
Conservative Q-Learning,673,7,0,11.758169174194336
Conservative Q-Learning,673,8,0,11.725515365600586
Conservative Q-Learning,673,9,0,11.734809875488281
Conservative Q-Learning,673,10,0,11.690546989440918
Conservative Q-Learning,673,11,0,11.684489250183105
Conservative Q-Learning,673,12,0,11.6989107131958
Conservative Q-Learning,673,13,0,11.728988647460938
Conservative Q-Learning,673,14,0,11.726888656616211
Conservative Q-Learning,673,15,0,11.818203926086426
Conservative Q-Learning,673,16,0,11.725385665893555
Conservative Q-Learning,673,17,0,11.70550537109375
Conservative Q-Learning,673,18,0,11.737370491027832
Conservative Q-Learning,673,19,0,11.722965240478516
Conservative Q-Learning,673,20,0,11.812352180480957
Conservative Q-Learning,673,21,0,11.695284843444824
Conservative Q-Learning,673,22,0,11.677811622619629
Conservative Q-Learning,673,23,0,11.707159042358398
Conservative Q-Learning,673,24,0,11.883749008178711
Conservative Q-Learning,679,0,1,17.468379974365234
Conservative Q-Learning,679,1,1,14.306317329406738
Conservative Q-Learning,679,2,0,14.282511711120605
Conservative Q-Learning,679,3,0,14.225987434387207
Conservative Q-Learning,679,4,0,14.243410110473633
Conservative Q-Learning,679,5,0,14.423253059387207
Conservative Q-Learning,679,6,0,14.218781471252441
Conservative Q-Learning,679,7,0,14.20442008972168
Conservative Q-Learning,679,8,0,14.215458869934082
Conservative Q-Learning,679,9,0,14.218729019165039
Conservative Q-Learning,679,10,0,14.3831787109375
Conservative Q-Learning,679,11,0,14.209657669067383
Conservative Q-Learning,679,12,0,14.224226951599121
Conservative Q-Learning,679,13,0,14.20943546295166
Conservative Q-Learning,679,14,0,14.20482063293457
Conservative Q-Learning,679,15,0,14.236967086791992
Conservative Q-Learning,679,16,0,14.207334518432617
Conservative Q-Learning,679,17,0,14.167943000793457
Conservative Q-Learning,679,18,0,14.243042945861816
Conservative Q-Learning,679,19,0,14.195181846618652
Conservative Q-Learning,679,20,0,14.333074569702148
Conservative Q-Learning,679,21,0,14.203386306762695
Conservative Q-Learning,679,22,0,14.24935245513916
Conservative Q-Learning,679,23,0,14.243319511413574
Conservative Q-Learning,679,24,0,14.2640380859375
Conservative Q-Learning,24,0,1,14.472625732421875
Conservative Q-Learning,24,1,0,11.172616004943848
Conservative Q-Learning,24,2,0,11.15071964263916
Conservative Q-Learning,24,3,0,11.155425071716309
Conservative Q-Learning,24,4,0,11.169988632202148
Conservative Q-Learning,24,5,0,11.382051467895508
Conservative Q-Learning,24,6,0,11.187037467956543
Conservative Q-Learning,24,7,0,11.180900573730469
Conservative Q-Learning,24,8,0,11.14437198638916
Conservative Q-Learning,24,9,0,11.207657814025879
Conservative Q-Learning,24,10,0,11.180710792541504
Conservative Q-Learning,24,11,0,11.162428855895996
Conservative Q-Learning,24,12,0,11.186400413513184
Conservative Q-Learning,24,13,0,11.17482852935791
Conservative Q-Learning,24,14,0,11.168641090393066
Conservative Q-Learning,24,15,0,11.193887710571289
Conservative Q-Learning,24,16,0,11.184257507324219
Conservative Q-Learning,24,17,0,11.149526596069336
Conservative Q-Learning,24,18,0,11.184467315673828
Conservative Q-Learning,24,19,0,11.158844947814941
Conservative Q-Learning,24,20,0,11.129545211791992
Conservative Q-Learning,24,21,0,11.175970077514648
Conservative Q-Learning,24,22,0,11.121482849121094
Conservative Q-Learning,24,23,0,11.166742324829102
Conservative Q-Learning,24,24,0,11.2636137008667
Conservative Q-Learning,25,0,1,7.2432637214660645
Conservative Q-Learning,25,1,0,4.13263463973999
Conservative Q-Learning,25,2,0,4.117782115936279
Conservative Q-Learning,25,3,0,4.1047234535217285
Conservative Q-Learning,25,4,0,4.099324703216553
Conservative Q-Learning,25,5,0,4.05322790145874
Conservative Q-Learning,25,6,0,4.109196186065674
Conservative Q-Learning,25,7,0,4.127486705780029
Conservative Q-Learning,25,8,0,4.1028361320495605
Conservative Q-Learning,25,9,0,4.120857238769531
Conservative Q-Learning,25,10,0,4.177736759185791
Conservative Q-Learning,25,11,0,4.11808967590332
Conservative Q-Learning,25,12,0,4.069706439971924
Conservative Q-Learning,25,13,0,4.103435039520264
Conservative Q-Learning,25,14,0,4.143059730529785
Conservative Q-Learning,25,15,0,4.115781307220459
Conservative Q-Learning,25,16,0,4.115012168884277
Conservative Q-Learning,25,17,0,4.133296012878418
Conservative Q-Learning,25,18,0,4.110253810882568
Conservative Q-Learning,25,19,0,4.122068881988525
Conservative Q-Learning,25,20,0,4.090413570404053
Conservative Q-Learning,25,21,0,4.11219596862793
Conservative Q-Learning,25,22,0,4.144286632537842
Conservative Q-Learning,25,23,0,4.107743740081787
Conservative Q-Learning,25,24,0,4.05549955368042
Vanilla Offline Actor-Critic,681,0,1,1.1767816543579102
Vanilla Offline Actor-Critic,681,1,0,1.1710872650146484
Vanilla Offline Actor-Critic,681,2,0,1.1762194633483887
Vanilla Offline Actor-Critic,681,3,0,1.1708693504333496
Vanilla Offline Actor-Critic,681,4,0,1.1705000400543213
Vanilla Offline Actor-Critic,681,5,0,1.1841226816177368
Vanilla Offline Actor-Critic,681,6,0,1.1743468046188354
Vanilla Offline Actor-Critic,681,7,0,1.1760997772216797
Vanilla Offline Actor-Critic,681,8,0,1.1755552291870117
Vanilla Offline Actor-Critic,681,9,0,1.17364501953125
Vanilla Offline Actor-Critic,681,10,0,1.174823522567749
Vanilla Offline Actor-Critic,681,11,0,1.172877311706543
Vanilla Offline Actor-Critic,681,12,0,1.169692039489746
Vanilla Offline Actor-Critic,681,13,0,1.170454502105713
Vanilla Offline Actor-Critic,681,14,0,1.1738654375076294
Vanilla Offline Actor-Critic,681,15,0,1.1776891946792603
Vanilla Offline Actor-Critic,681,16,0,1.1718775033950806
Vanilla Offline Actor-Critic,681,17,0,1.1744599342346191
Vanilla Offline Actor-Critic,681,18,0,1.173519253730774
Vanilla Offline Actor-Critic,681,19,0,1.1747820377349854
Vanilla Offline Actor-Critic,681,20,0,1.181061863899231
Vanilla Offline Actor-Critic,681,21,0,1.174215316772461
Vanilla Offline Actor-Critic,681,22,0,1.1764965057373047
Vanilla Offline Actor-Critic,681,23,0,1.168663740158081
Vanilla Offline Actor-Critic,681,24,0,1.1731462478637695
Vanilla Offline Actor-Critic,682,0,1,1.0048017501831055
Vanilla Offline Actor-Critic,682,1,0,1.0063745975494385
Vanilla Offline Actor-Critic,682,2,0,1.0061943531036377
Vanilla Offline Actor-Critic,682,3,0,1.0050790309906006
Vanilla Offline Actor-Critic,682,4,0,1.0079256296157837
Vanilla Offline Actor-Critic,682,5,0,1.0085066556930542
Vanilla Offline Actor-Critic,682,6,0,1.005003571510315
Vanilla Offline Actor-Critic,682,7,0,1.0041049718856812
Vanilla Offline Actor-Critic,682,8,0,1.007978916168213
Vanilla Offline Actor-Critic,682,9,0,1.006670594215393
Vanilla Offline Actor-Critic,682,10,0,1.0074130296707153
Vanilla Offline Actor-Critic,682,11,0,1.0067977905273438
Vanilla Offline Actor-Critic,682,12,0,1.0052764415740967
Vanilla Offline Actor-Critic,682,13,0,1.0059021711349487
Vanilla Offline Actor-Critic,682,14,0,1.0064542293548584
Vanilla Offline Actor-Critic,682,15,0,1.008122444152832
Vanilla Offline Actor-Critic,682,16,0,1.0052969455718994
Vanilla Offline Actor-Critic,682,17,0,1.0075691938400269
Vanilla Offline Actor-Critic,682,18,0,1.0034741163253784
Vanilla Offline Actor-Critic,682,19,0,1.0085175037384033
Vanilla Offline Actor-Critic,682,20,0,1.0057017803192139
Vanilla Offline Actor-Critic,682,21,0,1.0079283714294434
Vanilla Offline Actor-Critic,682,22,0,1.0044869184494019
Vanilla Offline Actor-Critic,682,23,0,1.0064074993133545
Vanilla Offline Actor-Critic,682,24,0,1.003774881362915
Vanilla Offline Actor-Critic,684,0,1,1.0486130714416504
Vanilla Offline Actor-Critic,684,1,0,1.0521436929702759
Vanilla Offline Actor-Critic,684,2,0,1.0534861087799072
Vanilla Offline Actor-Critic,684,3,0,1.0541040897369385
Vanilla Offline Actor-Critic,684,4,0,1.0523877143859863
Vanilla Offline Actor-Critic,684,5,0,1.0442582368850708
Vanilla Offline Actor-Critic,684,6,0,1.0499321222305298
Vanilla Offline Actor-Critic,684,7,0,1.056123971939087
Vanilla Offline Actor-Critic,684,8,0,1.0567591190338135
Vanilla Offline Actor-Critic,684,9,0,1.0511698722839355
Vanilla Offline Actor-Critic,684,10,0,1.0626566410064697
Vanilla Offline Actor-Critic,684,11,0,1.0569521188735962
Vanilla Offline Actor-Critic,684,12,0,1.0514655113220215
Vanilla Offline Actor-Critic,684,13,0,1.0509440898895264
Vanilla Offline Actor-Critic,684,14,0,1.0555768013000488
Vanilla Offline Actor-Critic,684,15,0,1.0512019395828247
Vanilla Offline Actor-Critic,684,16,0,1.055037498474121
Vanilla Offline Actor-Critic,684,17,0,1.054436445236206
Vanilla Offline Actor-Critic,684,18,0,1.0548638105392456
Vanilla Offline Actor-Critic,684,19,0,1.0530507564544678
Vanilla Offline Actor-Critic,684,20,0,1.0618939399719238
Vanilla Offline Actor-Critic,684,21,0,1.055999517440796
Vanilla Offline Actor-Critic,684,22,0,1.055070161819458
Vanilla Offline Actor-Critic,684,23,0,1.0524929761886597
Vanilla Offline Actor-Critic,684,24,0,1.050642967224121
Vanilla Offline Actor-Critic,687,0,1,1.0189884901046753
Vanilla Offline Actor-Critic,687,1,0,1.020621418952942
Vanilla Offline Actor-Critic,687,2,0,1.0175420045852661
Vanilla Offline Actor-Critic,687,3,0,1.018253207206726
Vanilla Offline Actor-Critic,687,4,0,1.017749309539795
Vanilla Offline Actor-Critic,687,5,0,1.0303436517715454
Vanilla Offline Actor-Critic,687,6,0,1.0208913087844849
Vanilla Offline Actor-Critic,687,7,0,1.0191986560821533
Vanilla Offline Actor-Critic,687,8,0,1.020744800567627
Vanilla Offline Actor-Critic,687,9,0,1.0203287601470947
Vanilla Offline Actor-Critic,687,10,0,1.0172513723373413
Vanilla Offline Actor-Critic,687,11,0,1.020277738571167
Vanilla Offline Actor-Critic,687,12,0,1.0139048099517822
Vanilla Offline Actor-Critic,687,13,0,1.019105076789856
Vanilla Offline Actor-Critic,687,14,0,1.0180082321166992
Vanilla Offline Actor-Critic,687,15,0,1.0178430080413818
Vanilla Offline Actor-Critic,687,16,0,1.0201201438903809
Vanilla Offline Actor-Critic,687,17,0,1.0212032794952393
Vanilla Offline Actor-Critic,687,18,0,1.020711898803711
Vanilla Offline Actor-Critic,687,19,0,1.0206449031829834
Vanilla Offline Actor-Critic,687,20,0,1.0136101245880127
Vanilla Offline Actor-Critic,687,21,0,1.0201295614242554
Vanilla Offline Actor-Critic,687,22,0,1.013970136642456
Vanilla Offline Actor-Critic,687,23,0,1.0185924768447876
Vanilla Offline Actor-Critic,687,24,0,1.0214682817459106
Vanilla Offline Actor-Critic,673,0,1,1.0683685541152954
Vanilla Offline Actor-Critic,673,1,0,1.068414330482483
Vanilla Offline Actor-Critic,673,2,0,1.0677884817123413
Vanilla Offline Actor-Critic,673,3,0,1.0657641887664795
Vanilla Offline Actor-Critic,673,4,0,1.0640869140625
Vanilla Offline Actor-Critic,673,5,0,1.0588544607162476
Vanilla Offline Actor-Critic,673,6,0,1.063783049583435
Vanilla Offline Actor-Critic,673,7,0,1.0653365850448608
Vanilla Offline Actor-Critic,673,8,0,1.0676130056381226
Vanilla Offline Actor-Critic,673,9,0,1.0695137977600098
Vanilla Offline Actor-Critic,673,10,0,1.0674562454223633
Vanilla Offline Actor-Critic,673,11,0,1.0699896812438965
Vanilla Offline Actor-Critic,673,12,0,1.0673307180404663
Vanilla Offline Actor-Critic,673,13,0,1.0664056539535522
Vanilla Offline Actor-Critic,673,14,0,1.0661144256591797
Vanilla Offline Actor-Critic,673,15,0,1.0713801383972168
Vanilla Offline Actor-Critic,673,16,0,1.0688234567642212
Vanilla Offline Actor-Critic,673,17,0,1.068523645401001
Vanilla Offline Actor-Critic,673,18,0,1.0677217245101929
Vanilla Offline Actor-Critic,673,19,0,1.065384030342102
Vanilla Offline Actor-Critic,673,20,0,1.06732177734375
Vanilla Offline Actor-Critic,673,21,0,1.069334864616394
Vanilla Offline Actor-Critic,673,22,0,1.0686709880828857
Vanilla Offline Actor-Critic,673,23,0,1.0697847604751587
Vanilla Offline Actor-Critic,673,24,0,1.0678212642669678
Vanilla Offline Actor-Critic,679,0,1,1.0690256357192993
Vanilla Offline Actor-Critic,679,1,1,1.0721279382705688
Vanilla Offline Actor-Critic,679,2,0,1.071027398109436
Vanilla Offline Actor-Critic,679,3,0,1.0676535367965698
Vanilla Offline Actor-Critic,679,4,0,1.0687025785446167
Vanilla Offline Actor-Critic,679,5,0,1.0613532066345215
Vanilla Offline Actor-Critic,679,6,0,1.0682343244552612
Vanilla Offline Actor-Critic,679,7,0,1.0709619522094727
Vanilla Offline Actor-Critic,679,8,0,1.071281909942627
Vanilla Offline Actor-Critic,679,9,0,1.0705667734146118
Vanilla Offline Actor-Critic,679,10,0,1.0745736360549927
Vanilla Offline Actor-Critic,679,11,0,1.069779634475708
Vanilla Offline Actor-Critic,679,12,0,1.072784423828125
Vanilla Offline Actor-Critic,679,13,0,1.0684669017791748
Vanilla Offline Actor-Critic,679,14,0,1.0722211599349976
Vanilla Offline Actor-Critic,679,15,0,1.0709322690963745
Vanilla Offline Actor-Critic,679,16,0,1.0715261697769165
Vanilla Offline Actor-Critic,679,17,0,1.0719997882843018
Vanilla Offline Actor-Critic,679,18,0,1.070594310760498
Vanilla Offline Actor-Critic,679,19,0,1.0706266164779663
Vanilla Offline Actor-Critic,679,20,0,1.0738626718521118
Vanilla Offline Actor-Critic,679,21,0,1.072351336479187
Vanilla Offline Actor-Critic,679,22,0,1.0736457109451294
Vanilla Offline Actor-Critic,679,23,0,1.0714924335479736
Vanilla Offline Actor-Critic,679,24,0,1.0725290775299072
Vanilla Offline Actor-Critic,24,0,1,1.0936131477355957
Vanilla Offline Actor-Critic,24,1,0,1.0959093570709229
Vanilla Offline Actor-Critic,24,2,0,1.0968196392059326
Vanilla Offline Actor-Critic,24,3,0,1.0954569578170776
Vanilla Offline Actor-Critic,24,4,0,1.0950297117233276
Vanilla Offline Actor-Critic,24,5,0,1.0978546142578125
Vanilla Offline Actor-Critic,24,6,0,1.0983021259307861
Vanilla Offline Actor-Critic,24,7,0,1.095916986465454
Vanilla Offline Actor-Critic,24,8,0,1.0956670045852661
Vanilla Offline Actor-Critic,24,9,0,1.0955760478973389
Vanilla Offline Actor-Critic,24,10,0,1.094963788986206
Vanilla Offline Actor-Critic,24,11,0,1.0947651863098145
Vanilla Offline Actor-Critic,24,12,0,1.0959012508392334
Vanilla Offline Actor-Critic,24,13,0,1.0965204238891602
Vanilla Offline Actor-Critic,24,14,0,1.095304012298584
Vanilla Offline Actor-Critic,24,15,0,1.0958226919174194
Vanilla Offline Actor-Critic,24,16,0,1.0954211950302124
Vanilla Offline Actor-Critic,24,17,0,1.0959445238113403
Vanilla Offline Actor-Critic,24,18,0,1.0974491834640503
Vanilla Offline Actor-Critic,24,19,0,1.0945106744766235
Vanilla Offline Actor-Critic,24,20,0,1.0998139381408691
Vanilla Offline Actor-Critic,24,21,0,1.0966143608093262
Vanilla Offline Actor-Critic,24,22,0,1.0947843790054321
Vanilla Offline Actor-Critic,24,23,0,1.095324993133545
Vanilla Offline Actor-Critic,24,24,0,1.0976858139038086
Vanilla Offline Actor-Critic,25,0,1,0.8660353422164917
Vanilla Offline Actor-Critic,25,1,0,0.8716737627983093
Vanilla Offline Actor-Critic,25,2,0,0.8690334558486938
Vanilla Offline Actor-Critic,25,3,0,0.866284191608429
Vanilla Offline Actor-Critic,25,4,0,0.868332028388977
Vanilla Offline Actor-Critic,25,5,0,0.863565981388092
Vanilla Offline Actor-Critic,25,6,0,0.8667690753936768
Vanilla Offline Actor-Critic,25,7,0,0.8633068203926086
Vanilla Offline Actor-Critic,25,8,0,0.8646920323371887
Vanilla Offline Actor-Critic,25,9,0,0.874881386756897
Vanilla Offline Actor-Critic,25,10,0,0.8691872954368591
Vanilla Offline Actor-Critic,25,11,0,0.8693985939025879
Vanilla Offline Actor-Critic,25,12,0,0.8726797103881836
Vanilla Offline Actor-Critic,25,13,0,0.8656569719314575
Vanilla Offline Actor-Critic,25,14,0,0.8601230382919312
Vanilla Offline Actor-Critic,25,15,0,0.8756763935089111
Vanilla Offline Actor-Critic,25,16,0,0.8679254055023193
Vanilla Offline Actor-Critic,25,17,0,0.8710595965385437
Vanilla Offline Actor-Critic,25,18,0,0.8642399907112122
Vanilla Offline Actor-Critic,25,19,0,0.8672853708267212
Vanilla Offline Actor-Critic,25,20,0,0.8617382049560547
Vanilla Offline Actor-Critic,25,21,0,0.8654870390892029
Vanilla Offline Actor-Critic,25,22,0,0.8665869832038879
Vanilla Offline Actor-Critic,25,23,0,0.8746777772903442
Vanilla Offline Actor-Critic,25,24,0,0.8717145919799805
LAADAN-AC,681,0,1,0.8072322010993958
LAADAN-AC,681,1,0,0.4346786141395569
LAADAN-AC,681,2,0,0.4186735451221466
LAADAN-AC,681,3,0,0.38963326811790466
LAADAN-AC,681,4,0,0.3589448928833008
LAADAN-AC,681,5,0,0.6252299547195435
LAADAN-AC,681,6,0,0.5724577307701111
LAADAN-AC,681,7,0,0.5924972295761108
LAADAN-AC,681,8,0,0.5418558716773987
LAADAN-AC,681,9,0,0.37914782762527466
LAADAN-AC,681,10,0,0.5890157222747803
LAADAN-AC,681,11,0,0.6027212738990784
LAADAN-AC,681,12,0,0.5569178462028503
LAADAN-AC,681,13,0,0.5198326110839844
LAADAN-AC,681,14,0,0.46959367394447327
LAADAN-AC,681,15,0,0.6138373017311096
LAADAN-AC,681,16,0,0.6194607615470886
LAADAN-AC,681,17,0,0.5389165282249451
LAADAN-AC,681,18,0,0.5877319574356079
LAADAN-AC,681,19,0,0.5666904449462891
LAADAN-AC,681,20,0,0.626573920249939
LAADAN-AC,681,21,0,0.5149893164634705
LAADAN-AC,681,22,0,0.6652416586875916
LAADAN-AC,681,23,0,0.6366937160491943
LAADAN-AC,681,24,0,0.5941159725189209
LAADAN-AC,682,0,1,0.693098247051239
LAADAN-AC,682,1,0,0.46512842178344727
LAADAN-AC,682,2,0,0.4448697865009308
LAADAN-AC,682,3,0,0.3781972825527191
LAADAN-AC,682,4,0,0.3381049931049347
LAADAN-AC,682,5,0,0.7865734696388245
LAADAN-AC,682,6,0,0.5923110842704773
LAADAN-AC,682,7,0,0.5714950561523438
LAADAN-AC,682,8,0,0.613172709941864
LAADAN-AC,682,9,0,0.37250661849975586
LAADAN-AC,682,10,0,0.6925383806228638
LAADAN-AC,682,11,0,0.6614044308662415
LAADAN-AC,682,12,0,0.6605257391929626
LAADAN-AC,682,13,0,0.5667674541473389
LAADAN-AC,682,14,0,0.499994695186615
LAADAN-AC,682,15,0,0.6774238348007202
LAADAN-AC,682,16,0,0.6657027006149292
LAADAN-AC,682,17,0,0.6091140508651733
LAADAN-AC,682,18,0,0.5381917953491211
LAADAN-AC,682,19,0,0.5926191806793213
LAADAN-AC,682,20,0,0.6839054822921753
LAADAN-AC,682,21,0,0.5253300666809082
LAADAN-AC,682,22,0,0.6633440852165222
LAADAN-AC,682,23,0,0.5986745953559875
LAADAN-AC,682,24,0,0.5707471370697021
LAADAN-AC,684,0,1,0.6049646735191345
LAADAN-AC,684,1,0,0.4435873031616211
LAADAN-AC,684,2,0,0.3971954882144928
LAADAN-AC,684,3,0,0.35035037994384766
LAADAN-AC,684,4,0,0.2839341461658478
LAADAN-AC,684,5,0,1.0003576278686523
LAADAN-AC,684,6,0,0.6876783967018127
LAADAN-AC,684,7,0,0.5904077887535095
LAADAN-AC,684,8,0,0.6210272908210754
LAADAN-AC,684,9,0,0.3349788188934326
LAADAN-AC,684,10,0,0.7457209825515747
LAADAN-AC,684,11,0,0.6898543238639832
LAADAN-AC,684,12,0,0.6708136200904846
LAADAN-AC,684,13,0,0.5366619229316711
LAADAN-AC,684,14,0,0.5032732486724854
LAADAN-AC,684,15,0,0.7176922559738159
LAADAN-AC,684,16,0,0.6503256559371948
LAADAN-AC,684,17,0,0.6379879713058472
LAADAN-AC,684,18,0,0.6189085841178894
LAADAN-AC,684,19,0,0.6331636309623718
LAADAN-AC,684,20,0,0.6694063544273376
LAADAN-AC,684,21,0,0.5926006436347961
LAADAN-AC,684,22,0,0.633794903755188
LAADAN-AC,684,23,0,0.6486510038375854
LAADAN-AC,684,24,0,0.5532836318016052
LAADAN-AC,687,0,1,0.681597113609314
LAADAN-AC,687,1,0,0.4632118344306946
LAADAN-AC,687,2,0,0.43886008858680725
LAADAN-AC,687,3,0,0.3565444052219391
LAADAN-AC,687,4,0,0.3115801513195038
LAADAN-AC,687,5,0,1.003849983215332
LAADAN-AC,687,6,0,0.6541111469268799
LAADAN-AC,687,7,0,0.6001651287078857
LAADAN-AC,687,8,0,0.6317823529243469
LAADAN-AC,687,9,0,0.3304350972175598
LAADAN-AC,687,10,0,0.7125130891799927
LAADAN-AC,687,11,0,0.7184686660766602
LAADAN-AC,687,12,0,0.7251222133636475
LAADAN-AC,687,13,0,0.5633878111839294
LAADAN-AC,687,14,0,0.48851278424263
LAADAN-AC,687,15,0,0.6701876521110535
LAADAN-AC,687,16,0,0.7012417912483215
LAADAN-AC,687,17,0,0.6381261944770813
LAADAN-AC,687,18,0,0.5956364274024963
LAADAN-AC,687,19,0,0.7183239459991455
LAADAN-AC,687,20,0,0.7813544869422913
LAADAN-AC,687,21,0,0.5804346799850464
LAADAN-AC,687,22,0,0.6906232237815857
LAADAN-AC,687,23,0,0.6818151473999023
LAADAN-AC,687,24,0,0.6066011190414429
LAADAN-AC,673,0,1,0.7330278754234314
LAADAN-AC,673,1,0,0.4730861783027649
LAADAN-AC,673,2,0,0.4343337118625641
LAADAN-AC,673,3,0,0.40415340662002563
LAADAN-AC,673,4,0,0.3287965953350067
LAADAN-AC,673,5,0,0.7660849094390869
LAADAN-AC,673,6,0,0.5903719663619995
LAADAN-AC,673,7,0,0.5668585896492004
LAADAN-AC,673,8,0,0.5655497312545776
LAADAN-AC,673,9,0,0.3559317886829376
LAADAN-AC,673,10,0,0.7409895658493042
LAADAN-AC,673,11,0,0.6016740202903748
LAADAN-AC,673,12,0,0.5856617093086243
LAADAN-AC,673,13,0,0.5166613459587097
LAADAN-AC,673,14,0,0.4983711838722229
LAADAN-AC,673,15,0,0.693242073059082
LAADAN-AC,673,16,0,0.58018559217453
LAADAN-AC,673,17,0,0.5386372804641724
LAADAN-AC,673,18,0,0.5528396368026733
LAADAN-AC,673,19,0,0.5715755224227905
LAADAN-AC,673,20,0,0.6502385139465332
LAADAN-AC,673,21,0,0.5611264109611511
LAADAN-AC,673,22,0,0.6219543814659119
LAADAN-AC,673,23,0,0.6012376546859741
LAADAN-AC,673,24,0,0.5747109055519104
LAADAN-AC,679,0,1,1.0233570337295532
LAADAN-AC,679,1,1,0.647747814655304
LAADAN-AC,679,2,0,0.5972508192062378
LAADAN-AC,679,3,0,0.5733752250671387
LAADAN-AC,679,4,0,0.5380499362945557
LAADAN-AC,679,5,0,0.8531664609909058
LAADAN-AC,679,6,0,0.7175591588020325
LAADAN-AC,679,7,0,0.698060929775238
LAADAN-AC,679,8,0,0.7054851651191711
LAADAN-AC,679,9,0,0.453154981136322
LAADAN-AC,679,10,0,0.806971549987793
LAADAN-AC,679,11,0,0.6693705320358276
LAADAN-AC,679,12,0,0.7037906050682068
LAADAN-AC,679,13,0,0.6602233052253723
LAADAN-AC,679,14,0,0.6756187677383423
LAADAN-AC,679,15,0,0.711768627166748
LAADAN-AC,679,16,0,0.6958242058753967
LAADAN-AC,679,17,0,0.6305554509162903
LAADAN-AC,679,18,0,0.6560303568840027
LAADAN-AC,679,19,0,0.6881462931632996
LAADAN-AC,679,20,0,0.71848464012146
LAADAN-AC,679,21,0,0.6307094097137451
LAADAN-AC,679,22,0,0.6691877245903015
LAADAN-AC,679,23,0,0.6745133399963379
LAADAN-AC,679,24,0,0.6228108406066895
LAADAN-AC,24,0,1,0.7837885618209839
LAADAN-AC,24,1,0,0.5380771160125732
LAADAN-AC,24,2,0,0.5196016430854797
LAADAN-AC,24,3,0,0.4979315400123596
LAADAN-AC,24,4,0,0.45525798201560974
LAADAN-AC,24,5,0,0.8921831846237183
LAADAN-AC,24,6,0,0.7740796208381653
LAADAN-AC,24,7,0,0.7351242303848267
LAADAN-AC,24,8,0,0.712007462978363
LAADAN-AC,24,9,0,0.5066250562667847
LAADAN-AC,24,10,0,0.7588870525360107
LAADAN-AC,24,11,0,0.7264847755432129
LAADAN-AC,24,12,0,0.6658841371536255
LAADAN-AC,24,13,0,0.6548246145248413
LAADAN-AC,24,14,0,0.5885252952575684
LAADAN-AC,24,15,0,0.7664127349853516
LAADAN-AC,24,16,0,0.673843502998352
LAADAN-AC,24,17,0,0.67029869556427
LAADAN-AC,24,18,0,0.7058704495429993
LAADAN-AC,24,19,0,0.664030134677887
LAADAN-AC,24,20,0,0.7086716890335083
LAADAN-AC,24,21,0,0.6543500423431396
LAADAN-AC,24,22,0,0.7105326652526855
LAADAN-AC,24,23,0,0.733123242855072
LAADAN-AC,24,24,0,0.69447922706604
LAADAN-AC,25,0,1,0.7548044919967651
LAADAN-AC,25,1,0,0.5586876273155212
LAADAN-AC,25,2,0,0.5337329506874084
LAADAN-AC,25,3,0,0.48631083965301514
LAADAN-AC,25,4,0,0.4142850935459137
LAADAN-AC,25,5,0,0.7892378568649292
LAADAN-AC,25,6,0,0.6210757493972778
LAADAN-AC,25,7,0,0.6317735314369202
LAADAN-AC,25,8,0,0.6133466362953186
LAADAN-AC,25,9,0,0.41757887601852417
LAADAN-AC,25,10,0,0.6872018575668335
LAADAN-AC,25,11,0,0.6276654601097107
LAADAN-AC,25,12,0,0.6247461438179016
LAADAN-AC,25,13,0,0.5564419627189636
LAADAN-AC,25,14,0,0.4998416006565094
LAADAN-AC,25,15,0,0.5580421090126038
LAADAN-AC,25,16,0,0.6435236930847168
LAADAN-AC,25,17,0,0.5668043494224548
LAADAN-AC,25,18,0,0.5725799202919006
LAADAN-AC,25,19,0,0.6004924178123474
LAADAN-AC,25,20,0,0.6465189456939697
LAADAN-AC,25,21,0,0.587408721446991
LAADAN-AC,25,22,0,0.6118199825286865
LAADAN-AC,25,23,0,0.6330641508102417
LAADAN-AC,25,24,0,0.5827082395553589
Post-hoc Masked VOAC,681,0,1,1.1767816543579102
Post-hoc Masked VOAC,681,1,0,1.1710872650146484
Post-hoc Masked VOAC,681,2,0,1.1762194633483887
Post-hoc Masked VOAC,681,3,0,1.1708693504333496
Post-hoc Masked VOAC,681,4,0,1.1705000400543213
Post-hoc Masked VOAC,681,5,0,1.1841226816177368
Post-hoc Masked VOAC,681,6,0,1.1743468046188354
Post-hoc Masked VOAC,681,7,0,1.1760997772216797
Post-hoc Masked VOAC,681,8,0,1.1755552291870117
Post-hoc Masked VOAC,681,9,0,1.17364501953125
Post-hoc Masked VOAC,681,10,0,1.174823522567749
Post-hoc Masked VOAC,681,11,0,1.172877311706543
Post-hoc Masked VOAC,681,12,0,1.169692039489746
Post-hoc Masked VOAC,681,13,0,1.170454502105713
Post-hoc Masked VOAC,681,14,0,1.1738654375076294
Post-hoc Masked VOAC,681,15,0,1.1776891946792603
Post-hoc Masked VOAC,681,16,0,1.1718775033950806
Post-hoc Masked VOAC,681,17,0,1.1744599342346191
Post-hoc Masked VOAC,681,18,0,1.173519253730774
Post-hoc Masked VOAC,681,19,0,1.1747820377349854
Post-hoc Masked VOAC,681,20,0,1.181061863899231
Post-hoc Masked VOAC,681,21,0,1.174215316772461
Post-hoc Masked VOAC,681,22,0,1.1764965057373047
Post-hoc Masked VOAC,681,23,0,1.168663740158081
Post-hoc Masked VOAC,681,24,0,1.1731462478637695
Post-hoc Masked VOAC,682,0,1,1.0048017501831055
Post-hoc Masked VOAC,682,1,0,1.0063745975494385
Post-hoc Masked VOAC,682,2,0,1.0061943531036377
Post-hoc Masked VOAC,682,3,0,1.0050790309906006
Post-hoc Masked VOAC,682,4,0,1.0079256296157837
Post-hoc Masked VOAC,682,5,0,1.0085066556930542
Post-hoc Masked VOAC,682,6,0,1.005003571510315
Post-hoc Masked VOAC,682,7,0,1.0041049718856812
Post-hoc Masked VOAC,682,8,0,1.007978916168213
Post-hoc Masked VOAC,682,9,0,1.006670594215393
Post-hoc Masked VOAC,682,10,0,1.0074130296707153
Post-hoc Masked VOAC,682,11,0,1.0067977905273438
Post-hoc Masked VOAC,682,12,0,1.0052764415740967
Post-hoc Masked VOAC,682,13,0,1.0059021711349487
Post-hoc Masked VOAC,682,14,0,1.0064542293548584
Post-hoc Masked VOAC,682,15,0,1.008122444152832
Post-hoc Masked VOAC,682,16,0,1.0052969455718994
Post-hoc Masked VOAC,682,17,0,1.0075691938400269
Post-hoc Masked VOAC,682,18,0,1.0034741163253784
Post-hoc Masked VOAC,682,19,0,1.0085175037384033
Post-hoc Masked VOAC,682,20,0,1.0057017803192139
Post-hoc Masked VOAC,682,21,0,1.0079283714294434
Post-hoc Masked VOAC,682,22,0,1.0044869184494019
Post-hoc Masked VOAC,682,23,0,1.0064074993133545
Post-hoc Masked VOAC,682,24,0,1.003774881362915
Post-hoc Masked VOAC,684,0,1,1.0486130714416504
Post-hoc Masked VOAC,684,1,0,1.0521436929702759
Post-hoc Masked VOAC,684,2,0,1.0534861087799072
Post-hoc Masked VOAC,684,3,0,1.0541040897369385
Post-hoc Masked VOAC,684,4,0,1.0523877143859863
Post-hoc Masked VOAC,684,5,0,1.0442582368850708
Post-hoc Masked VOAC,684,6,0,1.0499321222305298
Post-hoc Masked VOAC,684,7,0,1.056123971939087
Post-hoc Masked VOAC,684,8,0,1.0567591190338135
Post-hoc Masked VOAC,684,9,0,1.0511698722839355
Post-hoc Masked VOAC,684,10,0,1.0626566410064697
Post-hoc Masked VOAC,684,11,0,1.0569521188735962
Post-hoc Masked VOAC,684,12,0,1.0514655113220215
Post-hoc Masked VOAC,684,13,0,1.0509440898895264
Post-hoc Masked VOAC,684,14,0,1.0555768013000488
Post-hoc Masked VOAC,684,15,0,1.0512019395828247
Post-hoc Masked VOAC,684,16,0,1.055037498474121
Post-hoc Masked VOAC,684,17,0,1.054436445236206
Post-hoc Masked VOAC,684,18,0,1.0548638105392456
Post-hoc Masked VOAC,684,19,0,1.0530507564544678
Post-hoc Masked VOAC,684,20,0,1.0618939399719238
Post-hoc Masked VOAC,684,21,0,1.055999517440796
Post-hoc Masked VOAC,684,22,0,1.055070161819458
Post-hoc Masked VOAC,684,23,0,1.0524929761886597
Post-hoc Masked VOAC,684,24,0,1.050642967224121
Post-hoc Masked VOAC,687,0,1,1.0189884901046753
Post-hoc Masked VOAC,687,1,0,1.020621418952942
Post-hoc Masked VOAC,687,2,0,1.0175420045852661
Post-hoc Masked VOAC,687,3,0,1.018253207206726
Post-hoc Masked VOAC,687,4,0,1.017749309539795
Post-hoc Masked VOAC,687,5,0,1.0303436517715454
Post-hoc Masked VOAC,687,6,0,1.0208913087844849
Post-hoc Masked VOAC,687,7,0,1.0191986560821533
Post-hoc Masked VOAC,687,8,0,1.020744800567627
Post-hoc Masked VOAC,687,9,0,1.0203287601470947
Post-hoc Masked VOAC,687,10,0,1.0172513723373413
Post-hoc Masked VOAC,687,11,0,1.020277738571167
Post-hoc Masked VOAC,687,12,0,1.0139048099517822
Post-hoc Masked VOAC,687,13,0,1.019105076789856
Post-hoc Masked VOAC,687,14,0,1.0180082321166992
Post-hoc Masked VOAC,687,15,0,1.0178430080413818
Post-hoc Masked VOAC,687,16,0,1.0201201438903809
Post-hoc Masked VOAC,687,17,0,1.0212032794952393
Post-hoc Masked VOAC,687,18,0,1.020711898803711
Post-hoc Masked VOAC,687,19,0,1.0206449031829834
Post-hoc Masked VOAC,687,20,0,1.0136101245880127
Post-hoc Masked VOAC,687,21,0,1.0201295614242554
Post-hoc Masked VOAC,687,22,0,1.013970136642456
Post-hoc Masked VOAC,687,23,0,1.0185924768447876
Post-hoc Masked VOAC,687,24,0,1.0214682817459106
Post-hoc Masked VOAC,673,0,1,1.0683685541152954
Post-hoc Masked VOAC,673,1,0,1.068414330482483
Post-hoc Masked VOAC,673,2,0,1.0677884817123413
Post-hoc Masked VOAC,673,3,0,1.0657641887664795
Post-hoc Masked VOAC,673,4,0,1.0640869140625
Post-hoc Masked VOAC,673,5,0,1.0588544607162476
Post-hoc Masked VOAC,673,6,0,1.063783049583435
Post-hoc Masked VOAC,673,7,0,1.0653365850448608
Post-hoc Masked VOAC,673,8,0,1.0676130056381226
Post-hoc Masked VOAC,673,9,0,1.0695137977600098
Post-hoc Masked VOAC,673,10,0,1.0674562454223633
Post-hoc Masked VOAC,673,11,0,1.0699896812438965
Post-hoc Masked VOAC,673,12,0,1.0673307180404663
Post-hoc Masked VOAC,673,13,0,1.0664056539535522
Post-hoc Masked VOAC,673,14,0,1.0661144256591797
Post-hoc Masked VOAC,673,15,0,1.0713801383972168
Post-hoc Masked VOAC,673,16,0,1.0688234567642212
Post-hoc Masked VOAC,673,17,0,1.068523645401001
Post-hoc Masked VOAC,673,18,0,1.0677217245101929
Post-hoc Masked VOAC,673,19,0,1.065384030342102
Post-hoc Masked VOAC,673,20,0,1.06732177734375
Post-hoc Masked VOAC,673,21,0,1.069334864616394
Post-hoc Masked VOAC,673,22,0,1.0686709880828857
Post-hoc Masked VOAC,673,23,0,1.0697847604751587
Post-hoc Masked VOAC,673,24,0,1.0678212642669678
Post-hoc Masked VOAC,679,0,1,1.0690256357192993
Post-hoc Masked VOAC,679,1,1,1.0721279382705688
Post-hoc Masked VOAC,679,2,0,1.071027398109436
Post-hoc Masked VOAC,679,3,0,1.0676535367965698
Post-hoc Masked VOAC,679,4,0,1.0687025785446167
Post-hoc Masked VOAC,679,5,0,1.0613532066345215
Post-hoc Masked VOAC,679,6,0,1.0682343244552612
Post-hoc Masked VOAC,679,7,0,1.0709619522094727
Post-hoc Masked VOAC,679,8,0,1.071281909942627
Post-hoc Masked VOAC,679,9,0,1.0705667734146118
Post-hoc Masked VOAC,679,10,0,1.0745736360549927
Post-hoc Masked VOAC,679,11,0,1.069779634475708
Post-hoc Masked VOAC,679,12,0,1.072784423828125
Post-hoc Masked VOAC,679,13,0,1.0684669017791748
Post-hoc Masked VOAC,679,14,0,1.0722211599349976
Post-hoc Masked VOAC,679,15,0,1.0709322690963745
Post-hoc Masked VOAC,679,16,0,1.0715261697769165
Post-hoc Masked VOAC,679,17,0,1.0719997882843018
Post-hoc Masked VOAC,679,18,0,1.070594310760498
Post-hoc Masked VOAC,679,19,0,1.0706266164779663
Post-hoc Masked VOAC,679,20,0,1.0738626718521118
Post-hoc Masked VOAC,679,21,0,1.072351336479187
Post-hoc Masked VOAC,679,22,0,1.0736457109451294
Post-hoc Masked VOAC,679,23,0,1.0714924335479736
Post-hoc Masked VOAC,679,24,0,1.0725290775299072
Post-hoc Masked VOAC,24,0,1,1.0936131477355957
Post-hoc Masked VOAC,24,1,0,1.0959093570709229
Post-hoc Masked VOAC,24,2,0,1.0968196392059326
Post-hoc Masked VOAC,24,3,0,1.0954569578170776
Post-hoc Masked VOAC,24,4,0,1.0950297117233276
Post-hoc Masked VOAC,24,5,0,1.0978546142578125
Post-hoc Masked VOAC,24,6,0,1.0983021259307861
Post-hoc Masked VOAC,24,7,0,1.095916986465454
Post-hoc Masked VOAC,24,8,0,1.0956670045852661
Post-hoc Masked VOAC,24,9,0,1.0955760478973389
Post-hoc Masked VOAC,24,10,0,1.094963788986206
Post-hoc Masked VOAC,24,11,0,1.0947651863098145
Post-hoc Masked VOAC,24,12,0,1.0959012508392334
Post-hoc Masked VOAC,24,13,0,1.0965204238891602
Post-hoc Masked VOAC,24,14,0,1.095304012298584
Post-hoc Masked VOAC,24,15,0,1.0958226919174194
Post-hoc Masked VOAC,24,16,0,1.0954211950302124
Post-hoc Masked VOAC,24,17,0,1.0959445238113403
Post-hoc Masked VOAC,24,18,0,1.0974491834640503
Post-hoc Masked VOAC,24,19,0,1.0945106744766235
Post-hoc Masked VOAC,24,20,0,1.0998139381408691
Post-hoc Masked VOAC,24,21,0,1.0966143608093262
Post-hoc Masked VOAC,24,22,0,1.0947843790054321
Post-hoc Masked VOAC,24,23,0,1.095324993133545
Post-hoc Masked VOAC,24,24,0,1.0976858139038086
Post-hoc Masked VOAC,25,0,1,0.8660353422164917
Post-hoc Masked VOAC,25,1,0,0.8716737627983093
Post-hoc Masked VOAC,25,2,0,0.8690334558486938
Post-hoc Masked VOAC,25,3,0,0.866284191608429
Post-hoc Masked VOAC,25,4,0,0.868332028388977
Post-hoc Masked VOAC,25,5,0,0.863565981388092
Post-hoc Masked VOAC,25,6,0,0.8667690753936768
Post-hoc Masked VOAC,25,7,0,0.8633068203926086
Post-hoc Masked VOAC,25,8,0,0.8646920323371887
Post-hoc Masked VOAC,25,9,0,0.874881386756897
Post-hoc Masked VOAC,25,10,0,0.8691872954368591
Post-hoc Masked VOAC,25,11,0,0.8693985939025879
Post-hoc Masked VOAC,25,12,0,0.8726797103881836
Post-hoc Masked VOAC,25,13,0,0.8656569719314575
Post-hoc Masked VOAC,25,14,0,0.8601230382919312
Post-hoc Masked VOAC,25,15,0,0.8756763935089111
Post-hoc Masked VOAC,25,16,0,0.8679254055023193
Post-hoc Masked VOAC,25,17,0,0.8710595965385437
Post-hoc Masked VOAC,25,18,0,0.8642399907112122
Post-hoc Masked VOAC,25,19,0,0.8672853708267212
Post-hoc Masked VOAC,25,20,0,0.8617382049560547
Post-hoc Masked VOAC,25,21,0,0.8654870390892029
Post-hoc Masked VOAC,25,22,0,0.8665869832038879
Post-hoc Masked VOAC,25,23,0,0.8746777772903442
Post-hoc Masked VOAC,25,24,0,0.8717145919799805
