epoch,loss,kl_loss,entropy,avg_return,survival_rate,mortality_rate,avg_length,inadmissibility_rate,expert_argmax_match,mean_kl_to_expert,policy_entropy,mean_action_deviation_from_expert,soft_survival_rate,soft_inadmissibility_rate,soft_avg_return,soft_policy_entropy,soft_mean_kl_to_expert
1,2.372638702392578,2.372638702392578,3.2107577323913574,,,,,,,,,,,,,,
2,2.3099594116210938,2.3099594116210938,3.210813045501709,,,,,,,,,,,,,,
3,2.248920440673828,2.248920440673828,3.2097525596618652,,,,,,,,,,,,,,
4,2.1863443851470947,2.1863443851470947,3.207434892654419,,,,,,,,,,,,,,
5,2.1269919872283936,2.1269919872283936,3.2036168575286865,,,,,,,,,,,,,,
6,2.0600039958953857,2.0600039958953857,3.197777032852173,,,,,,,,,,,,,,
7,1.9954372644424438,1.9954372644424438,3.189105272293091,,,,,,,,,,,,,,
8,1.926979422569275,1.926979422569275,3.177797317504883,,,,,,,,,,,,,,
9,1.8521959781646729,1.8521959781646729,3.162015914916992,,,,,,,,,,,,,,
10,1.7743713855743408,1.7743713855743408,3.1412665843963623,,,,,,,,,,,,,,
11,1.6954787969589233,1.6954787969589233,3.113708972930908,,,,,,,,,,,,,,
12,1.6104110479354858,1.6104110479354858,3.078145980834961,,,,,,,,,,,,,,
13,1.525125503540039,1.525125503540039,3.0329105854034424,,,,,,,,,,,,,,
14,1.4378504753112793,1.4378504753112793,2.9765665531158447,,,,,,,,,,,,,,
15,1.3513997793197632,1.3513997793197632,2.908154249191284,,,,,,,,,,,,,,
16,1.2717396020889282,1.2717396020889282,2.8308308124542236,,,,,,,,,,,,,,
17,1.1863805055618286,1.1863805055618286,2.7374255657196045,,,,,,,,,,,,,,
18,1.112443447113037,1.112443447113037,2.638122081756592,,,,,,,,,,,,,,
19,1.0446616411209106,1.0446616411209106,2.528885841369629,,,,,,,,,,,,,,
20,0.9801064133644104,0.9801064133644104,2.408712387084961,,,,,,,,,,,,,,
21,0.9279391169548035,0.9279391169548035,2.3014237880706787,,,,,,,,,,,,,,
22,0.8824596405029297,0.8824596405029297,2.1930325031280518,,,,,,,,,,,,,,
23,0.8375822901725769,0.8375822901725769,2.0935211181640625,,,,,,,,,,,,,,
24,0.800109326839447,0.800109326839447,1.9992626905441284,,,,,,,,,,,,,,
25,0.7736752033233643,0.7736752033233643,1.9265371561050415,,,,,,,,,,,,,,
26,0.7441542148590088,0.7441542148590088,1.8592238426208496,,,,,,,,,,,,,,
27,0.722335696220398,0.722335696220398,1.806997537612915,,,,,,,,,,,,,,
28,0.6995742917060852,0.6995742917060852,1.7564176321029663,,,,,,,,,,,,,,
29,0.6738563179969788,0.6738563179969788,1.719775915145874,,,,,,,,,,,,,,
30,0.6565995216369629,0.6565995216369629,1.6862016916275024,,,,,,,,,,,,,,
31,0.6397272944450378,0.6397272944450378,1.667721152305603,,,,,,,,,,,,,,
32,0.6184874773025513,0.6184874773025513,1.6400152444839478,,,,,,,,,,,,,,
33,0.6053049564361572,0.6053049564361572,1.625727891921997,,,,,,,,,,,,,,
34,0.5888795256614685,0.5888795256614685,1.6070259809494019,,,,,,,,,,,,,,
35,0.5642063617706299,0.5642063617706299,1.583890438079834,,,,,,,,,,,,,,
36,0.5481593012809753,0.5481593012809753,1.572100043296814,,,,,,,,,,,,,,
37,0.5392742156982422,0.5392742156982422,1.553032636642456,,,,,,,,,,,,,,
38,0.520707368850708,0.520707368850708,1.5368621349334717,,,,,,,,,,,,,,
39,0.5081163644790649,0.5081163644790649,1.5226620435714722,,,,,,,,,,,,,,
40,0.49106618762016296,0.49106618762016296,1.4993488788604736,,,,,,,,,,,,,,
41,0.4792436957359314,0.4792436957359314,1.4817726612091064,,,,,,,,,,,,,,
42,0.4637731909751892,0.4637731909751892,1.4682633876800537,,,,,,,,,,,,,,
43,0.45006921887397766,0.45006921887397766,1.4561502933502197,,,,,,,,,,,,,,
44,0.4317885935306549,0.4317885935306549,1.4391535520553589,,,,,,,,,,,,,,
45,0.42252933979034424,0.42252933979034424,1.4259370565414429,,,,,,,,,,,,,,
46,0.4126186668872833,0.4126186668872833,1.4184614419937134,,,,,,,,,,,,,,
47,0.39582401514053345,0.39582401514053345,1.401990294456482,,,,,,,,,,,,,,
48,0.3862643837928772,0.3862643837928772,1.3846518993377686,,,,,,,,,,,,,,
49,0.3665947914123535,0.3665947914123535,1.376380443572998,,,,,,,,,,,,,,
50,0.35955438017845154,0.35955438017845154,1.3657947778701782,,,,,,,,,,,,,,
51,0.34856483340263367,0.34856483340263367,1.3578132390975952,,,,,,,,,,,,,,
52,0.33649924397468567,0.33649924397468567,1.3460450172424316,,,,,,,,,,,,,,
53,0.3205714523792267,0.3205714523792267,1.336193323135376,,,,,,,,,,,,,,
54,0.3203376233577728,0.3203376233577728,1.3279030323028564,,,,,,,,,,,,,,
55,0.31034374237060547,0.31034374237060547,1.3190101385116577,,,,,,,,,,,,,,
56,0.30046021938323975,0.30046021938323975,1.3025481700897217,,,,,,,,,,,,,,
57,0.2894302010536194,0.2894302010536194,1.2970610857009888,,,,,,,,,,,,,,
58,0.28325971961021423,0.28325971961021423,1.2907309532165527,,,,,,,,,,,,,,
59,0.27837181091308594,0.27837181091308594,1.2800618410110474,,,,,,,,,,,,,,
60,0.2702674865722656,0.2702674865722656,1.2719430923461914,,,,,,,,,,,,,,
61,0.2601032853126526,0.2601032853126526,1.2627979516983032,,,,,,,,,,,,,,
62,0.2517538070678711,0.2517538070678711,1.2495189905166626,,,,,,,,,,,,,,
63,0.2437114119529724,0.2437114119529724,1.242118239402771,,,,,,,,,,,,,,
64,0.23776157200336456,0.23776157200336456,1.2332265377044678,,,,,,,,,,,,,,
65,0.23296935856342316,0.23296935856342316,1.225743055343628,,,,,,,,,,,,,,
66,0.23014391958713531,0.23014391958713531,1.2176319360733032,,,,,,,,,,,,,,
67,0.2264270782470703,0.2264270782470703,1.2191087007522583,,,,,,,,,,,,,,
68,0.21791379153728485,0.21791379153728485,1.201399326324463,,,,,,,,,,,,,,
69,0.21556206047534943,0.21556206047534943,1.1957676410675049,,,,,,,,,,,,,,
70,0.20904268324375153,0.20904268324375153,1.1846359968185425,,,,,,,,,,,,,,
71,0.2027912586927414,0.2027912586927414,1.1852153539657593,,,,,,,,,,,,,,
72,0.1989714354276657,0.1989714354276657,1.1768485307693481,,,,,,,,,,,,,,
73,0.1999458223581314,0.1999458223581314,1.1738183498382568,,,,,,,,,,,,,,
74,0.19417627155780792,0.19417627155780792,1.167217493057251,,,,,,,,,,,,,,
75,0.19005131721496582,0.19005131721496582,1.1579548120498657,,,,,,,,,,,,,,
76,0.18831433355808258,0.18831433355808258,1.151913046836853,,,,,,,,,,,,,,
77,0.18560370802879333,0.18560370802879333,1.148540735244751,,,,,,,,,,,,,,
78,0.18294993042945862,0.18294993042945862,1.1434952020645142,,,,,,,,,,,,,,
79,0.18036991357803345,0.18036991357803345,1.1349581480026245,,,,,,,,,,,,,,
80,0.17565271258354187,0.17565271258354187,1.1341583728790283,,,,,,,,,,,,,,
81,0.1728193610906601,0.1728193610906601,1.123591423034668,,,,,,,,,,,,,,
82,0.16988803446292877,0.16988803446292877,1.12502121925354,,,,,,,,,,,,,,
83,0.1683903932571411,0.1683903932571411,1.118868350982666,,,,,,,,,,,,,,
84,0.16729295253753662,0.16729295253753662,1.1093560457229614,,,,,,,,,,,,,,
85,0.1644708216190338,0.1644708216190338,1.110780954360962,,,,,,,,,,,,,,
86,0.16584426164627075,0.16584426164627075,1.1020866632461548,,,,,,,,,,,,,,
87,0.16029727458953857,0.16029727458953857,1.1027464866638184,,,,,,,,,,,,,,
88,0.15947245061397552,0.15947245061397552,1.1005429029464722,,,,,,,,,,,,,,
89,0.16024228930473328,0.16024228930473328,1.0983914136886597,,,,,,,,,,,,,,
90,0.15623587369918823,0.15623587369918823,1.0915776491165161,,,,,,,,,,,,,,
91,0.1521957665681839,0.1521957665681839,1.0862035751342773,,,,,,,,,,,,,,
92,0.15403206646442413,0.15403206646442413,1.0899615287780762,,,,,,,,,,,,,,
93,0.14699862897396088,0.14699862897396088,1.0812619924545288,,,,,,,,,,,,,,
94,0.14981745183467865,0.14981745183467865,1.0841714143753052,,,,,,,,,,,,,,
95,0.14721789956092834,0.14721789956092834,1.0810744762420654,,,,,,,,,,,,,,
96,0.14589853584766388,0.14589853584766388,1.073641061782837,,,,,,,,,,,,,,
97,0.14415374398231506,0.14415374398231506,1.0757107734680176,,,,,,,,,,,,,,
98,0.1444270759820938,0.1444270759820938,1.0724821090698242,,,,,,,,,,,,,,
99,0.14381365478038788,0.14381365478038788,1.0683567523956299,,,,,,,,,,,,,,
100,0.14377063512802124,0.14377063512802124,1.0700585842132568,,,,,,,,,,,,,,
101,0.1416740119457245,0.1416740119457245,1.0699334144592285,,,,,,,,,,,,,,
102,0.13820093870162964,0.13820093870162964,1.0602434873580933,,,,,,,,,,,,,,
103,0.13859203457832336,0.13859203457832336,1.059702754020691,,,,,,,,,,,,,,
104,0.13759422302246094,0.13759422302246094,1.0637258291244507,,,,,,,,,,,,,,
105,0.13818404078483582,0.13818404078483582,1.064729928970337,,,,,,,,,,,,,,
106,0.13660648465156555,0.13660648465156555,1.0648187398910522,,,,,,,,,,,,,,
107,0.1331596076488495,0.1331596076488495,1.0570367574691772,,,,,,,,,,,,,,
108,0.13287709653377533,0.13287709653377533,1.0562807321548462,,,,,,,,,,,,,,
109,0.13115614652633667,0.13115614652633667,1.0503897666931152,,,,,,,,,,,,,,
110,0.1303894817829132,0.1303894817829132,1.0529532432556152,,,,,,,,,,,,,,
111,0.1297631710767746,0.1297631710767746,1.0475746393203735,,,,,,,,,,,,,,
112,0.128464013338089,0.128464013338089,1.0447099208831787,,,,,,,,,,,,,,
113,0.12873752415180206,0.12873752415180206,1.047851324081421,,,,,,,,,,,,,,
114,0.1325456202030182,0.1325456202030182,1.0448439121246338,,,,,,,,,,,,,,
115,0.12794753909111023,0.12794753909111023,1.0454277992248535,,,,,,,,,,,,,,
116,0.1267411857843399,0.1267411857843399,1.0451990365982056,,,,,,,,,,,,,,
117,0.1249895766377449,0.1249895766377449,1.0391027927398682,,,,,,,,,,,,,,
118,0.12428601831197739,0.12428601831197739,1.0386476516723633,,,,,,,,,,,,,,
119,0.12405765801668167,0.12405765801668167,1.0387606620788574,,,,,,,,,,,,,,
120,0.12437117099761963,0.12437117099761963,1.044301986694336,,,,,,,,,,,,,,
121,0.12491408735513687,0.12491408735513687,1.0408145189285278,,,,,,,,,,,,,,
122,0.12134084850549698,0.12134084850549698,1.0330688953399658,,,,,,,,,,,,,,
123,0.11996282637119293,0.11996282637119293,1.0320600271224976,,,,,,,,,,,,,,
124,0.1200331524014473,0.1200331524014473,1.0273144245147705,,,,,,,,,,,,,,
125,0.11922198534011841,0.11922198534011841,1.0327041149139404,,,,,,,,,,,,,,
126,0.12021602690219879,0.12021602690219879,1.0318489074707031,,,,,,,,,,,,,,
127,0.11893300712108612,0.11893300712108612,1.0289849042892456,,,,,,,,,,,,,,
128,0.11639317870140076,0.11639317870140076,1.0283081531524658,,,,,,,,,,,,,,
129,0.11699487268924713,0.11699487268924713,1.0237315893173218,,,,,,,,,,,,,,
130,0.11707604676485062,0.11707604676485062,1.029058575630188,,,,,,,,,,,,,,
131,0.11827786266803741,0.11827786266803741,1.0286319255828857,,,,,,,,,,,,,,
132,0.11624899506568909,0.11624899506568909,1.025393009185791,,,,,,,,,,,,,,
133,0.11497973650693893,0.11497973650693893,1.0247079133987427,,,,,,,,,,,,,,
134,0.11376391351222992,0.11376391351222992,1.020190954208374,,,,,,,,,,,,,,
135,0.11355128139257431,0.11355128139257431,1.0243242979049683,,,,,,,,,,,,,,
136,0.11236255615949631,0.11236255615949631,1.0224360227584839,,,,,,,,,,,,,,
137,0.11379685252904892,0.11379685252904892,1.022870659828186,,,,,,,,,,,,,,
138,0.11258988082408905,0.11258988082408905,1.0161136388778687,,,,,,,,,,,,,,
139,0.11146122962236404,0.11146122962236404,1.019715666770935,,,,,,,,,,,,,,
140,0.11041683703660965,0.11041683703660965,1.0217392444610596,,,,,,,,,,,,,,
141,0.10755379498004913,0.10755379498004913,1.021715521812439,,,,,,,,,,,,,,
142,0.10943705588579178,0.10943705588579178,1.0193116664886475,,,,,,,,,,,,,,
143,0.11012152582406998,0.11012152582406998,1.0180550813674927,,,,,,,,,,,,,,
144,0.10924942791461945,0.10924942791461945,1.0160361528396606,,,,,,,,,,,,,,
145,0.10689428448677063,0.10689428448677063,1.0178285837173462,,,,,,,,,,,,,,
146,0.10859351605176926,0.10859351605176926,1.0113065242767334,,,,,,,,,,,,,,
147,0.10680301487445831,0.10680301487445831,1.01295006275177,,,,,,,,,,,,,,
148,0.106310173869133,0.106310173869133,1.0088390111923218,,,,,,,,,,,,,,
149,0.10432757437229156,0.10432757437229156,1.0138484239578247,,,,,,,,,,,,,,
150,0.105430468916893,0.105430468916893,1.0080851316452026,,,,,,,,,,,,,,
151,0.10287324339151382,0.10287324339151382,1.0075445175170898,,,,,,,,,,,,,,
152,0.10458403825759888,0.10458403825759888,1.0139446258544922,,,,,,,,,,,,,,
153,0.10389470309019089,0.10389470309019089,1.010421633720398,,,,,,,,,,,,,,
154,0.10261788964271545,0.10261788964271545,1.0085334777832031,,,,,,,,,,,,,,
155,0.10385249555110931,0.10385249555110931,1.0063084363937378,,,,,,,,,,,,,,
156,0.10250267386436462,0.10250267386436462,1.0048816204071045,,,,,,,,,,,,,,
157,0.1012619137763977,0.1012619137763977,1.0057108402252197,,,,,,,,,,,,,,
158,0.10458177328109741,0.10458177328109741,1.0094249248504639,,,,,,,,,,,,,,
159,0.10026618093252182,0.10026618093252182,1.0044193267822266,,,,,,,,,,,,,,
160,0.09967921674251556,0.09967921674251556,1.004035234451294,,,,,,,,,,,,,,
161,0.10234776884317398,0.10234776884317398,1.0033427476882935,,,,,,,,,,,,,,
162,0.10112054646015167,0.10112054646015167,1.0070744752883911,,,,,,,,,,,,,,
163,0.10059840232133865,0.10059840232133865,1.0081719160079956,,,,,,,,,,,,,,
164,0.10323245078325272,0.10323245078325272,1.0046494007110596,,,,,,,,,,,,,,
165,0.10055592656135559,0.10055592656135559,1.0082666873931885,,,,,,,,,,,,,,
166,0.09881731867790222,0.09881731867790222,1.0069257020950317,,,,,,,,,,,,,,
167,0.09894267469644547,0.09894267469644547,1.0004456043243408,,,,,,,,,,,,,,
168,0.09823715686798096,0.09823715686798096,1.0014313459396362,,,,,,,,,,,,,,
169,0.09373679757118225,0.09373679757118225,0.9976954460144043,,,,,,,,,,,,,,
170,0.09721048176288605,0.09721048176288605,1.0035138130187988,,,,,,,,,,,,,,
171,0.09439747035503387,0.09439747035503387,1.0029332637786865,,,,,,,,,,,,,,
172,0.09738739579916,0.09738739579916,1.0028902292251587,,,,,,,,,,,,,,
173,0.09477108716964722,0.09477108716964722,0.9966104626655579,,,,,,,,,,,,,,
174,0.09613481909036636,0.09613481909036636,0.9998155236244202,,,,,,,,,,,,,,
175,0.09518291801214218,0.09518291801214218,0.996708869934082,,,,,,,,,,,,,,
176,0.09239933639764786,0.09239933639764786,0.9963722229003906,,,,,,,,,,,,,,
177,0.09381746500730515,0.09381746500730515,0.9947454929351807,,,,,,,,,,,,,,
178,0.09319426864385605,0.09319426864385605,0.9921424388885498,,,,,,,,,,,,,,
179,0.09292866289615631,0.09292866289615631,0.9973454475402832,,,,,,,,,,,,,,
180,0.0918462947010994,0.0918462947010994,0.9971585273742676,,,,,,,,,,,,,,
181,0.09270858764648438,0.09270858764648438,0.9949946403503418,,,,,,,,,,,,,,
182,0.09151788055896759,0.09151788055896759,0.9947201609611511,,,,,,,,,,,,,,
183,0.09136033803224564,0.09136033803224564,0.997784435749054,,,,,,,,,,,,,,
184,0.0946289449930191,0.0946289449930191,0.993654727935791,,,,,,,,,,,,,,
185,0.09230741113424301,0.09230741113424301,0.9941153526306152,,,,,,,,,,,,,,
186,0.0915389358997345,0.0915389358997345,0.9922541975975037,,,,,,,,,,,,,,
187,0.09201008081436157,0.09201008081436157,0.9959984421730042,,,,,,,,,,,,,,
188,0.0900978222489357,0.0900978222489357,0.990090548992157,,,,,,,,,,,,,,
189,0.08847445249557495,0.08847445249557495,0.9958310127258301,,,,,,,,,,,,,,
190,0.08947271853685379,0.08947271853685379,0.9868801236152649,,,,,,,,,,,,,,
191,0.0881422683596611,0.0881422683596611,0.9865946769714355,,,,,,,,,,,,,,
192,0.0898764580488205,0.0898764580488205,0.9862397909164429,,,,,,,,,,,,,,
193,0.08662223815917969,0.08662223815917969,0.9884783029556274,,,,,,,,,,,,,,
194,0.08910199999809265,0.08910199999809265,0.9882333874702454,,,,,,,,,,,,,,
195,0.0876312106847763,0.0876312106847763,0.9828071594238281,,,,,,,,,,,,,,
196,0.08933433890342712,0.08933433890342712,0.9881405830383301,,,,,,,,,,,,,,
197,0.08465022593736649,0.08465022593736649,0.9847882986068726,,,,,,,,,,,,,,
198,0.08779481053352356,0.08779481053352356,0.9869846701622009,,,,,,,,,,,,,,
199,0.08697520941495895,0.08697520941495895,0.9842175245285034,,,,,,,,,,,,,,
200,0.08554595708847046,0.08554595708847046,0.9892862439155579,,,,,,,,,,,,,,
201,0.0832318440079689,0.0832318440079689,0.9861695170402527,,,,,,,,,,,,,,
202,0.08521412312984467,0.08521412312984467,0.9879363179206848,,,,,,,,,,,,,,
203,0.0839279517531395,0.0839279517531395,0.9864869117736816,,,,,,,,,,,,,,
204,0.0829475149512291,0.0829475149512291,0.9873953461647034,,,,,,,,,,,,,,
205,0.08337315917015076,0.08337315917015076,0.9823144674301147,,,,,,,,,,,,,,
206,0.08311837911605835,0.08311837911605835,0.9849889278411865,,,,,,,,,,,,,,
207,0.08454172313213348,0.08454172313213348,0.9818004369735718,,,,,,,,,,,,,,
208,0.0821496844291687,0.0821496844291687,0.9852724075317383,,,,,,,,,,,,,,
209,0.08611898124217987,0.08611898124217987,0.9829180836677551,,,,,,,,,,,,,,
210,0.08189495652914047,0.08189495652914047,0.9776362180709839,,,,,,,,,,,,,,
211,0.08382982760667801,0.08382982760667801,0.9797577857971191,,,,,,,,,,,,,,
212,0.08391784131526947,0.08391784131526947,0.981468915939331,,,,,,,,,,,,,,
213,0.08204904198646545,0.08204904198646545,0.9785760641098022,,,,,,,,,,,,,,
214,0.08236849308013916,0.08236849308013916,0.9825727939605713,,,,,,,,,,,,,,
215,0.08215721696615219,0.08215721696615219,0.9844366908073425,,,,,,,,,,,,,,
216,0.08397212624549866,0.08397212624549866,0.9823479652404785,,,,,,,,,,,,,,
217,0.08128991723060608,0.08128991723060608,0.9852790832519531,,,,,,,,,,,,,,
218,0.08158659934997559,0.08158659934997559,0.9849656224250793,,,,,,,,,,,,,,
219,0.08081740140914917,0.08081740140914917,0.983033299446106,,,,,,,,,,,,,,
220,0.07985521107912064,0.07985521107912064,0.9762835502624512,,,,,,,,,,,,,,
221,0.0789775475859642,0.0789775475859642,0.9756313562393188,,,,,,,,,,,,,,
222,0.07964889705181122,0.07964889705181122,0.9773276448249817,,,,,,,,,,,,,,
223,0.08051474392414093,0.08051474392414093,0.9797512888908386,,,,,,,,,,,,,,
224,0.07981590181589127,0.07981590181589127,0.9782138466835022,,,,,,,,,,,,,,
225,0.07723236083984375,0.07723236083984375,0.9716259837150574,,,,,,,,,,,,,,
226,0.08129046112298965,0.08129046112298965,0.9790417551994324,,,,,,,,,,,,,,
227,0.07750429213047028,0.07750429213047028,0.9804803133010864,,,,,,,,,,,,,,
228,0.07781601697206497,0.07781601697206497,0.9710606336593628,,,,,,,,,,,,,,
229,0.07607739418745041,0.07607739418745041,0.9754839539527893,,,,,,,,,,,,,,
230,0.07488680630922318,0.07488680630922318,0.9764093160629272,,,,,,,,,,,,,,
231,0.07643166929483414,0.07643166929483414,0.9741271734237671,,,,,,,,,,,,,,
232,0.07378009706735611,0.07378009706735611,0.9714675545692444,,,,,,,,,,,,,,
233,0.07767408341169357,0.07767408341169357,0.9760826230049133,,,,,,,,,,,,,,
234,0.0765213891863823,0.0765213891863823,0.9731238484382629,,,,,,,,,,,,,,
235,0.07717233896255493,0.07717233896255493,0.972381055355072,,,,,,,,,,,,,,
236,0.07400114089250565,0.07400114089250565,0.9724813103675842,,,,,,,,,,,,,,
237,0.07593586295843124,0.07593586295843124,0.9755396842956543,,,,,,,,,,,,,,
238,0.07423289865255356,0.07423289865255356,0.9745529294013977,,,,,,,,,,,,,,
239,0.07656486332416534,0.07656486332416534,0.9742253422737122,,,,,,,,,,,,,,
240,0.07320337742567062,0.07320337742567062,0.9711427688598633,,,,,,,,,,,,,,
241,0.07291872799396515,0.07291872799396515,0.9749023914337158,,,,,,,,,,,,,,
242,0.08012964576482773,0.08012964576482773,0.9812456369400024,,,,,,,,,,,,,,
243,0.07477278262376785,0.07477278262376785,0.972344160079956,,,,,,,,,,,,,,
244,0.07334750890731812,0.07334750890731812,0.9773475527763367,,,,,,,,,,,,,,
245,0.07333589345216751,0.07333589345216751,0.9663037657737732,,,,,,,,,,,,,,
246,0.07434778660535812,0.07434778660535812,0.9679213762283325,,,,,,,,,,,,,,
247,0.07211485505104065,0.07211485505104065,0.9673068523406982,,,,,,,,,,,,,,
248,0.07285790890455246,0.07285790890455246,0.9704657196998596,,,,,,,,,,,,,,
249,0.07085222750902176,0.07085222750902176,0.9703708291053772,,,,,,,,,,,,,,
250,0.07092691212892532,0.07092691212892532,0.9691963195800781,,,,,,,,,,,,,,
251,0.06992729753255844,0.06992729753255844,0.9709119200706482,,,,,,,,,,,,,,
252,0.07155236601829529,0.07155236601829529,0.9710259437561035,,,,,,,,,,,,,,
253,0.07056339085102081,0.07056339085102081,0.9692381024360657,,,,,,,,,,,,,,
254,0.07527042180299759,0.07527042180299759,0.9712991118431091,,,,,,,,,,,,,,
255,0.07170669734477997,0.07170669734477997,0.969779372215271,,,,,,,,,,,,,,
256,0.06864306330680847,0.06864306330680847,0.9697930216789246,,,,,,,,,,,,,,
257,0.06880443543195724,0.06880443543195724,0.9687051177024841,,,,,,,,,,,,,,
258,0.07181691378355026,0.07181691378355026,0.9708447456359863,,,,,,,,,,,,,,
259,0.06849651038646698,0.06849651038646698,0.9731115698814392,,,,,,,,,,,,,,
260,0.07118453085422516,0.07118453085422516,0.9706812500953674,,,,,,,,,,,,,,
261,0.07070539891719818,0.07070539891719818,0.9644347429275513,,,,,,,,,,,,,,
262,0.06955859065055847,0.06955859065055847,0.9642455577850342,,,,,,,,,,,,,,
263,0.06836672127246857,0.06836672127246857,0.9650481343269348,,,,,,,,,,,,,,
264,0.06675747781991959,0.06675747781991959,0.9671534895896912,,,,,,,,,,,,,,
265,0.07008185982704163,0.07008185982704163,0.9698703289031982,,,,,,,,,,,,,,
266,0.06887494027614594,0.06887494027614594,0.9668766260147095,,,,,,,,,,,,,,
267,0.06743723154067993,0.06743723154067993,0.9653606414794922,,,,,,,,,,,,,,
268,0.0711153969168663,0.0711153969168663,0.9634822010993958,,,,,,,,,,,,,,
269,0.0674801915884018,0.0674801915884018,0.9662925601005554,,,,,,,,,,,,,,
270,0.06524504721164703,0.06524504721164703,0.9654010534286499,,,,,,,,,,,,,,
271,0.0674581378698349,0.0674581378698349,0.9631116986274719,,,,,,,,,,,,,,
272,0.06760100275278091,0.06760100275278091,0.9649527668952942,,,,,,,,,,,,,,
273,0.0660291537642479,0.0660291537642479,0.9654817581176758,,,,,,,,,,,,,,
274,0.06638043373823166,0.06638043373823166,0.965977132320404,,,,,,,,,,,,,,
275,0.0650864839553833,0.0650864839553833,0.9628756046295166,,,,,,,,,,,,,,
276,0.06550288200378418,0.06550288200378418,0.9652637839317322,,,,,,,,,,,,,,
277,0.06459435075521469,0.06459435075521469,0.9616852402687073,,,,,,,,,,,,,,
278,0.06722255051136017,0.06722255051136017,0.965973973274231,,,,,,,,,,,,,,
279,0.06496746093034744,0.06496746093034744,0.9668899178504944,,,,,,,,,,,,,,
280,0.06566831469535828,0.06566831469535828,0.9681476354598999,,,,,,,,,,,,,,
281,0.06563229113817215,0.06563229113817215,0.9642812609672546,,,,,,,,,,,,,,
282,0.06494356691837311,0.06494356691837311,0.9634400010108948,,,,,,,,,,,,,,
283,0.06794505566358566,0.06794505566358566,0.9615195393562317,,,,,,,,,,,,,,
284,0.06343483179807663,0.06343483179807663,0.9579997062683105,,,,,,,,,,,,,,
285,0.0640333816409111,0.0640333816409111,0.961051881313324,,,,,,,,,,,,,,
286,0.06218840926885605,0.06218840926885605,0.9575605988502502,,,,,,,,,,,,,,
287,0.0634971484541893,0.0634971484541893,0.956973671913147,,,,,,,,,,,,,,
288,0.06457968056201935,0.06457968056201935,0.9592543244361877,,,,,,,,,,,,,,
289,0.06541696190834045,0.06541696190834045,0.9622120261192322,,,,,,,,,,,,,,
290,0.06517941504716873,0.06517941504716873,0.957585334777832,,,,,,,,,,,,,,
291,0.0638003796339035,0.0638003796339035,0.9549257755279541,,,,,,,,,,,,,,
292,0.06211953982710838,0.06211953982710838,0.9594458341598511,,,,,,,,,,,,,,
293,0.06393146514892578,0.06393146514892578,0.9617904424667358,,,,,,,,,,,,,,
294,0.06326642632484436,0.06326642632484436,0.9628486633300781,,,,,,,,,,,,,,
295,0.06383834034204483,0.06383834034204483,0.9589943885803223,,,,,,,,,,,,,,
296,0.06300397962331772,0.06300397962331772,0.9595333337783813,,,,,,,,,,,,,,
297,0.06165638566017151,0.06165638566017151,0.9591608643531799,,,,,,,,,,,,,,
298,0.06608529388904572,0.06608529388904572,0.9593043327331543,,,,,,,,,,,,,,
299,0.06290565431118011,0.06290565431118011,0.9589382410049438,,,,,,,,,,,,,,
300,0.06405781954526901,0.06405781954526901,0.9591192007064819,,,,,,,,,,,,,,
301,0.06409209966659546,0.06409209966659546,0.9616309404373169,,,,,,,,,,,,,,
302,0.06293803453445435,0.06293803453445435,0.9556649327278137,,,,,,,,,,,,,,
303,0.06318079680204391,0.06318079680204391,0.9561095833778381,,,,,,,,,,,,,,
304,0.062356412410736084,0.062356412410736084,0.9575991034507751,,,,,,,,,,,,,,
305,0.06290265917778015,0.06290265917778015,0.9556915163993835,,,,,,,,,,,,,,
306,0.062104832381010056,0.062104832381010056,0.9608065485954285,,,,,,,,,,,,,,
307,0.06217692047357559,0.06217692047357559,0.9559600949287415,,,,,,,,,,,,,,
308,0.059075161814689636,0.059075161814689636,0.9552765488624573,,,,,,,,,,,,,,
309,0.059371467679739,0.059371467679739,0.9600977301597595,,,,,,,,,,,,,,
310,0.0600711815059185,0.0600711815059185,0.9583197236061096,,,,,,,,,,,,,,
311,0.05929182097315788,0.05929182097315788,0.9596025347709656,,,,,,,,,,,,,,
312,0.0622568279504776,0.0622568279504776,0.9567011594772339,,,,,,,,,,,,,,
313,0.06029737368226051,0.06029737368226051,0.9543927311897278,,,,,,,,,,,,,,
314,0.06035788729786873,0.06035788729786873,0.9566872715950012,,,,,,,,,,,,,,
315,0.059339821338653564,0.059339821338653564,0.953229546546936,,,,,,,,,,,,,,
316,0.05954529717564583,0.05954529717564583,0.9541751146316528,,,,,,,,,,,,,,
317,0.061471547931432724,0.061471547931432724,0.9576911926269531,,,,,,,,,,,,,,
318,0.06178142875432968,0.06178142875432968,0.955273449420929,,,,,,,,,,,,,,
319,0.05913662910461426,0.05913662910461426,0.9555155634880066,,,,,,,,,,,,,,
320,0.05883967503905296,0.05883967503905296,0.953950822353363,,,,,,,,,,,,,,
321,0.0593542642891407,0.0593542642891407,0.9496274590492249,,,,,,,,,,,,,,
322,0.058217890560626984,0.058217890560626984,0.9584062099456787,,,,,,,,,,,,,,
323,0.05752569064497948,0.05752569064497948,0.9521651268005371,,,,,,,,,,,,,,
324,0.05829766020178795,0.05829766020178795,0.9572557806968689,,,,,,,,,,,,,,
325,0.057476792484521866,0.057476792484521866,0.9567428231239319,,,,,,,,,,,,,,
326,0.057130493223667145,0.057130493223667145,0.9513072371482849,,,,,,,,,,,,,,
327,0.06025409698486328,0.06025409698486328,0.9517269730567932,,,,,,,,,,,,,,
328,0.05845791473984718,0.05845791473984718,0.9527459740638733,,,,,,,,,,,,,,
329,0.05597231537103653,0.05597231537103653,0.9533262252807617,,,,,,,,,,,,,,
330,0.054651398211717606,0.054651398211717606,0.9534238576889038,,,,,,,,,,,,,,
331,0.05683743208646774,0.05683743208646774,0.954915463924408,,,,,,,,,,,,,,
332,0.05640426278114319,0.05640426278114319,0.9541175365447998,,,,,,,,,,,,,,
333,0.05644487962126732,0.05644487962126732,0.9541617035865784,,,,,,,,,,,,,,
334,0.059155650436878204,0.059155650436878204,0.9519590139389038,,,,,,,,,,,,,,
335,0.05597236007452011,0.05597236007452011,0.9514539837837219,,,,,,,,,,,,,,
336,0.05665433034300804,0.05665433034300804,0.9518176317214966,,,,,,,,,,,,,,
337,0.05717184767127037,0.05717184767127037,0.9538654685020447,,,,,,,,,,,,,,
338,0.05731309577822685,0.05731309577822685,0.9490121006965637,,,,,,,,,,,,,,
339,0.05490000173449516,0.05490000173449516,0.9547207355499268,,,,,,,,,,,,,,
340,0.05710460990667343,0.05710460990667343,0.9544737339019775,,,,,,,,,,,,,,
341,0.05506957694888115,0.05506957694888115,0.9523024559020996,,,,,,,,,,,,,,
342,0.055895738303661346,0.055895738303661346,0.9477734565734863,,,,,,,,,,,,,,
343,0.05377326160669327,0.05377326160669327,0.9501101970672607,,,,,,,,,,,,,,
344,0.06217203661799431,0.06217203661799431,0.9520494341850281,,,,,,,,,,,,,,
345,0.055811043828725815,0.055811043828725815,0.9503086805343628,,,,,,,,,,,,,,
346,0.05661432072520256,0.05661432072520256,0.9504674077033997,,,,,,,,,,,,,,
347,0.05723585560917854,0.05723585560917854,0.9490723013877869,,,,,,,,,,,,,,
348,0.05528659373521805,0.05528659373521805,0.9482632875442505,,,,,,,,,,,,,,
349,0.05593068525195122,0.05593068525195122,0.9485081434249878,,,,,,,,,,,,,,
350,0.052915412932634354,0.052915412932634354,0.9490807056427002,,,,,,,,,,,,,,
351,0.05281515419483185,0.05281515419483185,0.9430782198905945,,,,,,,,,,,,,,
352,0.054490961134433746,0.054490961134433746,0.9501373171806335,,,,,,,,,,,,,,
353,0.05602249875664711,0.05602249875664711,0.9475952386856079,,,,,,,,,,,,,,
354,0.053835488855838776,0.053835488855838776,0.9447662234306335,,,,,,,,,,,,,,
355,0.05501993000507355,0.05501993000507355,0.9467261433601379,,,,,,,,,,,,,,
356,0.055576737970113754,0.055576737970113754,0.9504070281982422,,,,,,,,,,,,,,
357,0.05359487608075142,0.05359487608075142,0.9489485025405884,,,,,,,,,,,,,,
358,0.053726792335510254,0.053726792335510254,0.9476178288459778,,,,,,,,,,,,,,
359,0.051571428775787354,0.051571428775787354,0.9473230242729187,,,,,,,,,,,,,,
360,0.0522739514708519,0.0522739514708519,0.9490430951118469,,,,,,,,,,,,,,
361,0.05187129229307175,0.05187129229307175,0.9487718939781189,,,,,,,,,,,,,,
362,0.05381843075156212,0.05381843075156212,0.9488897919654846,,,,,,,,,,,,,,
363,0.054253000766038895,0.054253000766038895,0.9458703398704529,,,,,,,,,,,,,,
364,0.054024066776037216,0.054024066776037216,0.9443411827087402,,,,,,,,,,,,,,
365,0.05217514559626579,0.05217514559626579,0.9453038573265076,,,,,,,,,,,,,,
366,0.05281472206115723,0.05281472206115723,0.9492297768592834,,,,,,,,,,,,,,
367,0.05167035013437271,0.05167035013437271,0.9428966641426086,,,,,,,,,,,,,,
368,0.054724935442209244,0.054724935442209244,0.9447357058525085,,,,,,,,,,,,,,
369,0.05458363890647888,0.05458363890647888,0.9418428540229797,,,,,,,,,,,,,,
370,0.05081835761666298,0.05081835761666298,0.9486479163169861,,,,,,,,,,,,,,
371,0.0547831654548645,0.0547831654548645,0.9522033929824829,,,,,,,,,,,,,,
372,0.05092666670680046,0.05092666670680046,0.9461345672607422,,,,,,,,,,,,,,
373,0.05445733666419983,0.05445733666419983,0.9497406482696533,,,,,,,,,,,,,,
374,0.05056482180953026,0.05056482180953026,0.9468826055526733,,,,,,,,,,,,,,
375,0.053027816116809845,0.053027816116809845,0.9498323202133179,,,,,,,,,,,,,,
376,0.05311073735356331,0.05311073735356331,0.9477341175079346,,,,,,,,,,,,,,
377,0.05200344696640968,0.05200344696640968,0.9473851323127747,,,,,,,,,,,,,,
378,0.05036507174372673,0.05036507174372673,0.9469171166419983,,,,,,,,,,,,,,
379,0.05330784618854523,0.05330784618854523,0.943411111831665,,,,,,,,,,,,,,
380,0.05138693377375603,0.05138693377375603,0.9501296281814575,,,,,,,,,,,,,,
381,0.051257163286209106,0.051257163286209106,0.9449706673622131,,,,,,,,,,,,,,
382,0.05062011629343033,0.05062011629343033,0.9447972774505615,,,,,,,,,,,,,,
383,0.05072702094912529,0.05072702094912529,0.943239688873291,,,,,,,,,,,,,,
384,0.05091962218284607,0.05091962218284607,0.9436204433441162,,,,,,,,,,,,,,
385,0.04995100200176239,0.04995100200176239,0.9413207173347473,,,,,,,,,,,,,,
386,0.049102120101451874,0.049102120101451874,0.9445507526397705,,,,,,,,,,,,,,
387,0.05310408025979996,0.05310408025979996,0.9421728849411011,,,,,,,,,,,,,,
388,0.05082003027200699,0.05082003027200699,0.9440222382545471,,,,,,,,,,,,,,
389,0.0508628711104393,0.0508628711104393,0.940847635269165,,,,,,,,,,,,,,
390,0.053292714059352875,0.053292714059352875,0.9425539374351501,,,,,,,,,,,,,,
391,0.05026568844914436,0.05026568844914436,0.940201997756958,,,,,,,,,,,,,,
392,0.04973362386226654,0.04973362386226654,0.9424192905426025,,,,,,,,,,,,,,
393,0.04953013360500336,0.04953013360500336,0.94481360912323,,,,,,,,,,,,,,
394,0.04771345853805542,0.04771345853805542,0.942170262336731,,,,,,,,,,,,,,
395,0.05031421408057213,0.05031421408057213,0.9434648752212524,,,,,,,,,,,,,,
396,0.04843859747052193,0.04843859747052193,0.9467284679412842,,,,,,,,,,,,,,
397,0.04798188805580139,0.04798188805580139,0.9465872049331665,,,,,,,,,,,,,,
398,0.05063524469733238,0.05063524469733238,0.9497629404067993,,,,,,,,,,,,,,
399,0.05000542104244232,0.05000542104244232,0.945500373840332,,,,,,,,,,,,,,
400,0.04962264746427536,0.04962264746427536,0.9446647763252258,,,,,,,,,,,,,,
401,0.05137024074792862,0.05137024074792862,0.9415673613548279,,,,,,,,,,,,,,
402,0.04802239313721657,0.04802239313721657,0.9431721568107605,,,,,,,,,,,,,,
403,0.04883968085050583,0.04883968085050583,0.9450154900550842,,,,,,,,,,,,,,
404,0.04735376313328743,0.04735376313328743,0.9412112832069397,,,,,,,,,,,,,,
405,0.04819367080926895,0.04819367080926895,0.9412183165550232,,,,,,,,,,,,,,
406,0.04805449768900871,0.04805449768900871,0.9443836212158203,,,,,,,,,,,,,,
407,0.04897526279091835,0.04897526279091835,0.9446073174476624,,,,,,,,,,,,,,
408,0.04981132596731186,0.04981132596731186,0.939544677734375,,,,,,,,,,,,,,
409,0.04764186963438988,0.04764186963438988,0.9373093843460083,,,,,,,,,,,,,,
410,0.048492979258298874,0.048492979258298874,0.9392001628875732,,,,,,,,,,,,,,
411,0.04723368212580681,0.04723368212580681,0.9434177279472351,,,,,,,,,,,,,,
412,0.04688883572816849,0.04688883572816849,0.9421210885047913,,,,,,,,,,,,,,
413,0.04879015311598778,0.04879015311598778,0.9404110908508301,,,,,,,,,,,,,,
414,0.0479155033826828,0.0479155033826828,0.9442659020423889,,,,,,,,,,,,,,
415,0.04897572472691536,0.04897572472691536,0.939624547958374,,,,,,,,,,,,,,
416,0.04832781106233597,0.04832781106233597,0.9440235495567322,,,,,,,,,,,,,,
417,0.04727799445390701,0.04727799445390701,0.9402274489402771,,,,,,,,,,,,,,
418,0.04667132347822189,0.04667132347822189,0.9429377317428589,,,,,,,,,,,,,,
419,0.049557365477085114,0.049557365477085114,0.9412539601325989,,,,,,,,,,,,,,
420,0.04563848301768303,0.04563848301768303,0.9446148872375488,,,,,,,,,,,,,,
421,0.04981613531708717,0.04981613531708717,0.9459724426269531,,,,,,,,,,,,,,
422,0.045797187834978104,0.045797187834978104,0.9374092817306519,,,,,,,,,,,,,,
423,0.0450984351336956,0.0450984351336956,0.9386574029922485,,,,,,,,,,,,,,
424,0.04528045654296875,0.04528045654296875,0.9415954947471619,,,,,,,,,,,,,,
425,0.04628909006714821,0.04628909006714821,0.9398689270019531,,,,,,,,,,,,,,
426,0.04655512422323227,0.04655512422323227,0.9388920068740845,,,,,,,,,,,,,,
427,0.045393913984298706,0.045393913984298706,0.9395140409469604,,,,,,,,,,,,,,
428,0.04647175967693329,0.04647175967693329,0.9424059987068176,,,,,,,,,,,,,,
429,0.04588644951581955,0.04588644951581955,0.9397032260894775,,,,,,,,,,,,,,
430,0.04652852565050125,0.04652852565050125,0.9404905438423157,,,,,,,,,,,,,,
431,0.044851962476968765,0.044851962476968765,0.9408857822418213,,,,,,,,,,,,,,
432,0.0478665754199028,0.0478665754199028,0.9389322400093079,,,,,,,,,,,,,,
433,0.045646827667951584,0.045646827667951584,0.939993143081665,,,,,,,,,,,,,,
434,0.04794955998659134,0.04794955998659134,0.9388091564178467,,,,,,,,,,,,,,
435,0.0466727651655674,0.0466727651655674,0.9418022632598877,,,,,,,,,,,,,,
436,0.04459657892584801,0.04459657892584801,0.9361962676048279,,,,,,,,,,,,,,
437,0.04688448831439018,0.04688448831439018,0.9377654194831848,,,,,,,,,,,,,,
438,0.046955693513154984,0.046955693513154984,0.9384810328483582,,,,,,,,,,,,,,
439,0.04456569626927376,0.04456569626927376,0.936741828918457,,,,,,,,,,,,,,
440,0.04607156664133072,0.04607156664133072,0.935646653175354,,,,,,,,,,,,,,
441,0.04573541507124901,0.04573541507124901,0.938631534576416,,,,,,,,,,,,,,
442,0.04471677541732788,0.04471677541732788,0.936059832572937,,,,,,,,,,,,,,
443,0.044544804841279984,0.044544804841279984,0.9386947751045227,,,,,,,,,,,,,,
444,0.04606800898909569,0.04606800898909569,0.9352469444274902,,,,,,,,,,,,,,
445,0.045394353568553925,0.045394353568553925,0.9355859160423279,,,,,,,,,,,,,,
446,0.04453594237565994,0.04453594237565994,0.9363348484039307,,,,,,,,,,,,,,
447,0.04210152477025986,0.04210152477025986,0.937349796295166,,,,,,,,,,,,,,
448,0.04453699290752411,0.04453699290752411,0.934330940246582,,,,,,,,,,,,,,
449,0.04514231160283089,0.04514231160283089,0.938295304775238,,,,,,,,,,,,,,
450,0.04664481803774834,0.04664481803774834,0.9351806640625,,,,,,,,,,,,,,
451,0.045080769807100296,0.045080769807100296,0.9392254948616028,,,,,,,,,,,,,,
452,0.04365428164601326,0.04365428164601326,0.9347590208053589,,,,,,,,,,,,,,
453,0.04297111555933952,0.04297111555933952,0.9378910064697266,,,,,,,,,,,,,,
454,0.04325825721025467,0.04325825721025467,0.9322795867919922,,,,,,,,,,,,,,
455,0.044816095381975174,0.044816095381975174,0.9376211762428284,,,,,,,,,,,,,,
456,0.04464265704154968,0.04464265704154968,0.9361244440078735,,,,,,,,,,,,,,
457,0.043355539441108704,0.043355539441108704,0.9382305145263672,,,,,,,,,,,,,,
458,0.04499998316168785,0.04499998316168785,0.9420985579490662,,,,,,,,,,,,,,
459,0.0447843000292778,0.0447843000292778,0.9387758374214172,,,,,,,,,,,,,,
460,0.04429760202765465,0.04429760202765465,0.9369298815727234,,,,,,,,,,,,,,
461,0.04294215142726898,0.04294215142726898,0.9351526498794556,,,,,,,,,,,,,,
462,0.04493151605129242,0.04493151605129242,0.9356364607810974,,,,,,,,,,,,,,
463,0.042904600501060486,0.042904600501060486,0.9365265369415283,,,,,,,,,,,,,,
464,0.044215407222509384,0.044215407222509384,0.9368142485618591,,,,,,,,,,,,,,
465,0.043531954288482666,0.043531954288482666,0.9349358081817627,,,,,,,,,,,,,,
466,0.043431054800748825,0.043431054800748825,0.9377673268318176,,,,,,,,,,,,,,
467,0.0431734099984169,0.0431734099984169,0.9325661063194275,,,,,,,,,,,,,,
468,0.04180729016661644,0.04180729016661644,0.9319230914115906,,,,,,,,,,,,,,
469,0.04166118800640106,0.04166118800640106,0.9319713711738586,,,,,,,,,,,,,,
470,0.04314512014389038,0.04314512014389038,0.9359357357025146,,,,,,,,,,,,,,
471,0.044763777405023575,0.044763777405023575,0.9355578422546387,,,,,,,,,,,,,,
472,0.044752467423677444,0.044752467423677444,0.9355461597442627,,,,,,,,,,,,,,
473,0.04360197111964226,0.04360197111964226,0.9343745708465576,,,,,,,,,,,,,,
474,0.04428068548440933,0.04428068548440933,0.9313750863075256,,,,,,,,,,,,,,
475,0.045219093561172485,0.045219093561172485,0.9326275587081909,,,,,,,,,,,,,,
476,0.0416647233068943,0.0416647233068943,0.9353855848312378,,,,,,,,,,,,,,
477,0.04209589585661888,0.04209589585661888,0.9370266795158386,,,,,,,,,,,,,,
478,0.04164568707346916,0.04164568707346916,0.9373148083686829,,,,,,,,,,,,,,
479,0.0411132350564003,0.0411132350564003,0.9339603781700134,,,,,,,,,,,,,,
480,0.04042011871933937,0.04042011871933937,0.9360027313232422,,,,,,,,,,,,,,
481,0.041406985372304916,0.041406985372304916,0.9342267513275146,,,,,,,,,,,,,,
482,0.0400291346013546,0.0400291346013546,0.9341084957122803,,,,,,,,,,,,,,
483,0.04094144329428673,0.04094144329428673,0.9294939637184143,,,,,,,,,,,,,,
484,0.0405709333717823,0.0405709333717823,0.9357419013977051,,,,,,,,,,,,,,
485,0.04142487049102783,0.04142487049102783,0.9346807599067688,,,,,,,,,,,,,,
486,0.042188894003629684,0.042188894003629684,0.9302546977996826,,,,,,,,,,,,,,
487,0.04010069742798805,0.04010069742798805,0.9297882318496704,,,,,,,,,,,,,,
488,0.04224485531449318,0.04224485531449318,0.9339728951454163,,,,,,,,,,,,,,
489,0.04497558996081352,0.04497558996081352,0.9324391484260559,,,,,,,,,,,,,,
490,0.04270524904131889,0.04270524904131889,0.9318509697914124,,,,,,,,,,,,,,
491,0.041853345930576324,0.041853345930576324,0.9317483305931091,,,,,,,,,,,,,,
492,0.040751878172159195,0.040751878172159195,0.9362468719482422,,,,,,,,,,,,,,
493,0.04300275072455406,0.04300275072455406,0.934211254119873,,,,,,,,,,,,,,
494,0.03986182063817978,0.03986182063817978,0.9342719316482544,,,,,,,,,,,,,,
495,0.04264683648943901,0.04264683648943901,0.9323762655258179,,,,,,,,,,,,,,
496,0.041624803096055984,0.041624803096055984,0.9318950772285461,,,,,,,,,,,,,,
497,0.039720095694065094,0.039720095694065094,0.9282637238502502,,,,,,,,,,,,,,
498,0.04186488315463066,0.04186488315463066,0.9346705079078674,,,,,,,,,,,,,,
499,0.041206248104572296,0.041206248104572296,0.9307602643966675,,,,,,,,,,,,,,
500,0.0417797714471817,0.0417797714471817,0.9318652749061584,,,,,,,,,,,,,,
501,0.04178591072559357,0.04178591072559357,0.9328546524047852,,,,,,,,,,,,,,
502,0.04111810028553009,0.04111810028553009,0.9314209818840027,,,,,,,,,,,,,,
503,0.039391376078128815,0.039391376078128815,0.9349465370178223,,,,,,,,,,,,,,
504,0.04005369544029236,0.04005369544029236,0.9295682907104492,,,,,,,,,,,,,,
505,0.03927680850028992,0.03927680850028992,0.9324511289596558,,,,,,,,,,,,,,
506,0.04272669181227684,0.04272669181227684,0.9306372404098511,,,,,,,,,,,,,,
507,0.039973411709070206,0.039973411709070206,0.9285475015640259,,,,,,,,,,,,,,
508,0.041241176426410675,0.041241176426410675,0.9313755035400391,,,,,,,,,,,,,,
509,0.03989534452557564,0.03989534452557564,0.9323927760124207,,,,,,,,,,,,,,
510,0.04013870283961296,0.04013870283961296,0.9324256181716919,,,,,,,,,,,,,,
511,0.04119708389043808,0.04119708389043808,0.9337475299835205,,,,,,,,,,,,,,
512,0.039451584219932556,0.039451584219932556,0.9339714646339417,,,,,,,,,,,,,,
513,0.03748804330825806,0.03748804330825806,0.9304118156433105,,,,,,,,,,,,,,
514,0.04097749665379524,0.04097749665379524,0.9315673112869263,,,,,,,,,,,,,,
515,0.039462313055992126,0.039462313055992126,0.9313289523124695,,,,,,,,,,,,,,
516,0.040111616253852844,0.040111616253852844,0.9313469529151917,,,,,,,,,,,,,,
517,0.03870518133044243,0.03870518133044243,0.9317948818206787,,,,,,,,,,,,,,
518,0.04022649675607681,0.04022649675607681,0.9343363642692566,,,,,,,,,,,,,,
519,0.04007701203227043,0.04007701203227043,0.9269204139709473,,,,,,,,,,,,,,
520,0.04055800288915634,0.04055800288915634,0.9267135262489319,,,,,,,,,,,,,,
521,0.04022740572690964,0.04022740572690964,0.931208074092865,,,,,,,,,,,,,,
522,0.03980155289173126,0.03980155289173126,0.9293522238731384,,,,,,,,,,,,,,
523,0.03971336409449577,0.03971336409449577,0.9292171001434326,,,,,,,,,,,,,,
524,0.04057978838682175,0.04057978838682175,0.9317928552627563,,,,,,,,,,,,,,
525,0.038510482758283615,0.038510482758283615,0.9295880794525146,,,,,,,,,,,,,,
526,0.03955211117863655,0.03955211117863655,0.9321040511131287,,,,,,,,,,,,,,
527,0.03663794323801994,0.03663794323801994,0.9273613095283508,,,,,,,,,,,,,,
528,0.03764417767524719,0.03764417767524719,0.929527223110199,,,,,,,,,,,,,,
529,0.04003504291176796,0.04003504291176796,0.9298622012138367,,,,,,,,,,,,,,
530,0.03870157152414322,0.03870157152414322,0.9297028183937073,,,,,,,,,,,,,,
531,0.04118158295750618,0.04118158295750618,0.9306233525276184,,,,,,,,,,,,,,
532,0.039406824856996536,0.039406824856996536,0.9289579391479492,,,,,,,,,,,,,,
533,0.038879115134477615,0.038879115134477615,0.9304498434066772,,,,,,,,,,,,,,
534,0.03781111165881157,0.03781111165881157,0.9324334859848022,,,,,,,,,,,,,,
535,0.03651786595582962,0.03651786595582962,0.9293570518493652,,,,,,,,,,,,,,
536,0.03791969269514084,0.03791969269514084,0.9310246109962463,,,,,,,,,,,,,,
537,0.04003290832042694,0.04003290832042694,0.9291170239448547,,,,,,,,,,,,,,
538,0.03755040466785431,0.03755040466785431,0.9273765683174133,,,,,,,,,,,,,,
539,0.03782738000154495,0.03782738000154495,0.9259387254714966,,,,,,,,,,,,,,
540,0.036607157438993454,0.036607157438993454,0.9287530183792114,,,,,,,,,,,,,,
541,0.035580817610025406,0.035580817610025406,0.9290539622306824,,,,,,,,,,,,,,
542,0.035916876047849655,0.035916876047849655,0.9274342060089111,,,,,,,,,,,,,,
543,0.038102973252534866,0.038102973252534866,0.9293470978736877,,,,,,,,,,,,,,
544,0.03707030415534973,0.03707030415534973,0.9304970502853394,,,,,,,,,,,,,,
545,0.03629104048013687,0.03629104048013687,0.9309076070785522,,,,,,,,,,,,,,
546,0.034964531660079956,0.034964531660079956,0.9267687201499939,,,,,,,,,,,,,,
547,0.036297574639320374,0.036297574639320374,0.9318799376487732,,,,,,,,,,,,,,
548,0.037898849695920944,0.037898849695920944,0.9289289712905884,,,,,,,,,,,,,,
549,0.037238720804452896,0.037238720804452896,0.9294097423553467,,,,,,,,,,,,,,
550,0.04111851751804352,0.04111851751804352,0.9293869137763977,,,,,,,,,,,,,,
551,0.036446139216423035,0.036446139216423035,0.9259151220321655,,,,,,,,,,,,,,
552,0.035028841346502304,0.035028841346502304,0.9239500164985657,,,,,,,,,,,,,,
553,0.036995042115449905,0.036995042115449905,0.9295843243598938,,,,,,,,,,,,,,
554,0.0361906960606575,0.0361906960606575,0.9290280938148499,,,,,,,,,,,,,,
555,0.03659437969326973,0.03659437969326973,0.929891049861908,,,,,,,,,,,,,,
556,0.0351657010614872,0.0351657010614872,0.9289047718048096,,,,,,,,,,,,,,
557,0.03489312902092934,0.03489312902092934,0.9269952774047852,,,,,,,,,,,,,,
558,0.03696286678314209,0.03696286678314209,0.9291164875030518,,,,,,,,,,,,,,
559,0.03709607198834419,0.03709607198834419,0.9277228116989136,,,,,,,,,,,,,,
560,0.03782673180103302,0.03782673180103302,0.9285777807235718,,,,,,,,,,,,,,
561,0.037113625556230545,0.037113625556230545,0.9281725287437439,,,,,,,,,,,,,,
562,0.037346251308918,0.037346251308918,0.9298016428947449,,,,,,,,,,,,,,
563,0.0354275181889534,0.0354275181889534,0.9272487163543701,,,,,,,,,,,,,,
564,0.03741462901234627,0.03741462901234627,0.927167534828186,,,,,,,,,,,,,,
565,0.03578634560108185,0.03578634560108185,0.9262740015983582,,,,,,,,,,,,,,
566,0.035516541451215744,0.035516541451215744,0.9297587275505066,,,,,,,,,,,,,,
567,0.035640161484479904,0.035640161484479904,0.9276100397109985,,,,,,,,,,,,,,
568,0.03734535351395607,0.03734535351395607,0.9275897145271301,,,,,,,,,,,,,,
569,0.034729596227407455,0.034729596227407455,0.9245744943618774,,,,,,,,,,,,,,
570,0.03634531423449516,0.03634531423449516,0.9253729581832886,,,,,,,,,,,,,,
571,0.03522619232535362,0.03522619232535362,0.9286741614341736,,,,,,,,,,,,,,
572,0.03598375245928764,0.03598375245928764,0.925915539264679,,,,,,,,,,,,,,
573,0.03512512147426605,0.03512512147426605,0.9252893328666687,,,,,,,,,,,,,,
574,0.034853607416152954,0.034853607416152954,0.9280263781547546,,,,,,,,,,,,,,
575,0.03605683892965317,0.03605683892965317,0.9299650192260742,,,,,,,,,,,,,,
576,0.036615047603845596,0.036615047603845596,0.9260385632514954,,,,,,,,,,,,,,
577,0.035644952207803726,0.035644952207803726,0.9228631854057312,,,,,,,,,,,,,,
578,0.034457702189683914,0.034457702189683914,0.9259092807769775,,,,,,,,,,,,,,
579,0.03719431161880493,0.03719431161880493,0.9241551756858826,,,,,,,,,,,,,,
580,0.03410846367478371,0.03410846367478371,0.9249823093414307,,,,,,,,,,,,,,
581,0.03636015206575394,0.03636015206575394,0.9256182312965393,,,,,,,,,,,,,,
582,0.03526674583554268,0.03526674583554268,0.9265187382698059,,,,,,,,,,,,,,
583,0.03556659445166588,0.03556659445166588,0.9225258231163025,,,,,,,,,,,,,,
584,0.03539363294839859,0.03539363294839859,0.9254315495491028,,,,,,,,,,,,,,
585,0.03473033756017685,0.03473033756017685,0.9231330156326294,,,,,,,,,,,,,,
586,0.03573516011238098,0.03573516011238098,0.9232063293457031,,,,,,,,,,,,,,
587,0.03389374911785126,0.03389374911785126,0.9227632284164429,,,,,,,,,,,,,,
588,0.034834861755371094,0.034834861755371094,0.9263684153556824,,,,,,,,,,,,,,
589,0.03537861630320549,0.03537861630320549,0.9258284568786621,,,,,,,,,,,,,,
590,0.03437018021941185,0.03437018021941185,0.9227403998374939,,,,,,,,,,,,,,
591,0.0354643352329731,0.0354643352329731,0.9240429997444153,,,,,,,,,,,,,,
592,0.03584061935544014,0.03584061935544014,0.9244309663772583,,,,,,,,,,,,,,
593,0.03519903123378754,0.03519903123378754,0.9251130819320679,,,,,,,,,,,,,,
594,0.03385632112622261,0.03385632112622261,0.9223352670669556,,,,,,,,,,,,,,
595,0.03272932022809982,0.03272932022809982,0.9230849146842957,,,,,,,,,,,,,,
596,0.03363556042313576,0.03363556042313576,0.9236995577812195,,,,,,,,,,,,,,
597,0.033557068556547165,0.033557068556547165,0.9258378148078918,,,,,,,,,,,,,,
598,0.03466455265879631,0.03466455265879631,0.926177978515625,,,,,,,,,,,,,,
599,0.032793134450912476,0.032793134450912476,0.9248173832893372,,,,,,,,,,,,,,
600,0.03230206295847893,0.03230206295847893,0.926930844783783,,,,,,,,,,,,,,
601,0.033318523317575455,0.033318523317575455,0.9248774647712708,,,,,,,,,,,,,,
602,0.03450992330908775,0.03450992330908775,0.9275436401367188,,,,,,,,,,,,,,
603,0.03416628763079643,0.03416628763079643,0.925456166267395,,,,,,,,,,,,,,
604,0.033044133335351944,0.033044133335351944,0.9244092702865601,,,,,,,,,,,,,,
605,0.03405904024839401,0.03405904024839401,0.9230842590332031,,,,,,,,,,,,,,
606,0.03400365263223648,0.03400365263223648,0.9264165759086609,,,,,,,,,,,,,,
607,0.03474443778395653,0.03474443778395653,0.9257450103759766,,,,,,,,,,,,,,
608,0.035109102725982666,0.035109102725982666,0.9245829582214355,,,,,,,,,,,,,,
609,0.03457900509238243,0.03457900509238243,0.9252648949623108,,,,,,,,,,,,,,
610,0.033804409205913544,0.033804409205913544,0.9230371117591858,,,,,,,,,,,,,,
611,0.03047567419707775,0.03047567419707775,0.9245332479476929,,,,,,,,,,,,,,
612,0.03420407697558403,0.03420407697558403,0.9216729402542114,,,,,,,,,,,,,,
613,0.03331908956170082,0.03331908956170082,0.9209375977516174,,,,,,,,,,,,,,
614,0.03322654590010643,0.03322654590010643,0.9207514524459839,,,,,,,,,,,,,,
615,0.032078854739665985,0.032078854739665985,0.9218398332595825,,,,,,,,,,,,,,
616,0.03379640728235245,0.03379640728235245,0.921292245388031,,,,,,,,,,,,,,
617,0.03296542912721634,0.03296542912721634,0.9219121336936951,,,,,,,,,,,,,,
618,0.03407415747642517,0.03407415747642517,0.922123372554779,,,,,,,,,,,,,,
619,0.035156287252902985,0.035156287252902985,0.9280634522438049,,,,,,,,,,,,,,
620,0.03266329690814018,0.03266329690814018,0.9228008985519409,,,,,,,,,,,,,,
621,0.03563893958926201,0.03563893958926201,0.9249327778816223,,,,,,,,,,,,,,
622,0.032936934381723404,0.032936934381723404,0.9234393835067749,,,,,,,,,,,,,,
623,0.035862307995557785,0.035862307995557785,0.9241369962692261,,,,,,,,,,,,,,
624,0.03421102464199066,0.03421102464199066,0.9201343059539795,,,,,,,,,,,,,,
625,0.03363987058401108,0.03363987058401108,0.923133373260498,,,,,,,,,,,,,,
626,0.03253103792667389,0.03253103792667389,0.9221765398979187,,,,,,,,,,,,,,
627,0.033759672194719315,0.033759672194719315,0.9225493669509888,,,,,,,,,,,,,,
628,0.034014057368040085,0.034014057368040085,0.9213443398475647,,,,,,,,,,,,,,
629,0.03346802294254303,0.03346802294254303,0.921287477016449,,,,,,,,,,,,,,
630,0.03097379580140114,0.03097379580140114,0.9202832579612732,,,,,,,,,,,,,,
631,0.031971827149391174,0.031971827149391174,0.924338698387146,,,,,,,,,,,,,,
632,0.03471937030553818,0.03471937030553818,0.9215017557144165,,,,,,,,,,,,,,
633,0.03202372416853905,0.03202372416853905,0.9178279638290405,,,,,,,,,,,,,,
634,0.03247964754700661,0.03247964754700661,0.9214678406715393,,,,,,,,,,,,,,
635,0.03297239914536476,0.03297239914536476,0.9206080436706543,,,,,,,,,,,,,,
636,0.032158493995666504,0.032158493995666504,0.9248652458190918,,,,,,,,,,,,,,
637,0.0331684909760952,0.0331684909760952,0.9248485565185547,,,,,,,,,,,,,,
638,0.03397781401872635,0.03397781401872635,0.9225855469703674,,,,,,,,,,,,,,
639,0.031238432973623276,0.031238432973623276,0.923115611076355,,,,,,,,,,,,,,
640,0.03174803406000137,0.03174803406000137,0.9252228736877441,,,,,,,,,,,,,,
641,0.03041483275592327,0.03041483275592327,0.9267494082450867,,,,,,,,,,,,,,
642,0.03230201452970505,0.03230201452970505,0.9239752292633057,,,,,,,,,,,,,,
643,0.03110414743423462,0.03110414743423462,0.9212803840637207,,,,,,,,,,,,,,
644,0.03157501667737961,0.03157501667737961,0.9192846417427063,,,,,,,,,,,,,,
645,0.033450398594141006,0.033450398594141006,0.9208840727806091,,,,,,,,,,,,,,
646,0.030877139419317245,0.030877139419317245,0.9193390011787415,,,,,,,,,,,,,,
647,0.029880084097385406,0.029880084097385406,0.9224329590797424,,,,,,,,,,,,,,
648,0.031842879951000214,0.031842879951000214,0.920950174331665,,,,,,,,,,,,,,
649,0.031032385304570198,0.031032385304570198,0.9218162298202515,,,,,,,,,,,,,,
650,0.029427766799926758,0.029427766799926758,0.9246528148651123,,,,,,,,,,,,,,
651,0.03195185586810112,0.03195185586810112,0.9224289059638977,,,,,,,,,,,,,,
652,0.03196015954017639,0.03196015954017639,0.9211075305938721,,,,,,,,,,,,,,
653,0.031731460243463516,0.031731460243463516,0.9207821488380432,,,,,,,,,,,,,,
654,0.03308126702904701,0.03308126702904701,0.920613169670105,,,,,,,,,,,,,,
655,0.031527601182460785,0.031527601182460785,0.9190980195999146,,,,,,,,,,,,,,
656,0.0308659877628088,0.0308659877628088,0.9212368130683899,,,,,,,,,,,,,,
657,0.03043436072766781,0.03043436072766781,0.9210590124130249,,,,,,,,,,,,,,
658,0.030179737135767937,0.030179737135767937,0.9197114706039429,,,,,,,,,,,,,,
659,0.027879074215888977,0.027879074215888977,0.9132802486419678,,,,,,,,,,,,,,
660,0.03238216042518616,0.03238216042518616,0.9185593128204346,,,,,,,,,,,,,,
661,0.030812976881861687,0.030812976881861687,0.917766273021698,,,,,,,,,,,,,,
662,0.03194728121161461,0.03194728121161461,0.9226356744766235,,,,,,,,,,,,,,
663,0.034436486661434174,0.034436486661434174,0.9196422696113586,,,,,,,,,,,,,,
664,0.033461328595876694,0.033461328595876694,0.9221417903900146,,,,,,,,,,,,,,
665,0.031484369188547134,0.031484369188547134,0.920289933681488,,,,,,,,,,,,,,
666,0.030120139941573143,0.030120139941573143,0.9208964705467224,,,,,,,,,,,,,,
667,0.031077733263373375,0.031077733263373375,0.9206712245941162,,,,,,,,,,,,,,
668,0.030949952080845833,0.030949952080845833,0.919913649559021,,,,,,,,,,,,,,
669,0.02961570769548416,0.02961570769548416,0.9191322922706604,,,,,,,,,,,,,,
670,0.030416062101721764,0.030416062101721764,0.9197679162025452,,,,,,,,,,,,,,
671,0.030963849276304245,0.030963849276304245,0.9183250665664673,,,,,,,,,,,,,,
672,0.030025500804185867,0.030025500804185867,0.9178833365440369,,,,,,,,,,,,,,
673,0.029066719114780426,0.029066719114780426,0.9175167679786682,,,,,,,,,,,,,,
674,0.029831932857632637,0.029831932857632637,0.919975996017456,,,,,,,,,,,,,,
675,0.028997372835874557,0.028997372835874557,0.9215225577354431,,,,,,,,,,,,,,
676,0.030254878103733063,0.030254878103733063,0.9203442335128784,,,,,,,,,,,,,,
677,0.03077932633459568,0.03077932633459568,0.9228078722953796,,,,,,,,,,,,,,
678,0.028796972706913948,0.028796972706913948,0.9178419709205627,,,,,,,,,,,,,,
679,0.02916993387043476,0.02916993387043476,0.9194930791854858,,,,,,,,,,,,,,
680,0.029935317113995552,0.029935317113995552,0.9203880429267883,,,,,,,,,,,,,,
681,0.0287956353276968,0.0287956353276968,0.9203356504440308,,,,,,,,,,,,,,
682,0.031365398317575455,0.031365398317575455,0.919167697429657,,,,,,,,,,,,,,
683,0.03168090432882309,0.03168090432882309,0.9203388690948486,,,,,,,,,,,,,,
684,0.03097071684896946,0.03097071684896946,0.9216955304145813,,,,,,,,,,,,,,
685,0.02933206968009472,0.02933206968009472,0.9190579652786255,,,,,,,,,,,,,,
686,0.03002185747027397,0.03002185747027397,0.9178093075752258,,,,,,,,,,,,,,
687,0.031083447858691216,0.031083447858691216,0.9149633646011353,,,,,,,,,,,,,,
688,0.029152126982808113,0.029152126982808113,0.9155728220939636,,,,,,,,,,,,,,
689,0.02905815653502941,0.02905815653502941,0.9185243248939514,,,,,,,,,,,,,,
690,0.031878288835287094,0.031878288835287094,0.9166666865348816,,,,,,,,,,,,,,
691,0.029040133580565453,0.029040133580565453,0.918367862701416,,,,,,,,,,,,,,
692,0.03081652708351612,0.03081652708351612,0.9160202145576477,,,,,,,,,,,,,,
693,0.02904057502746582,0.02904057502746582,0.9246277213096619,,,,,,,,,,,,,,
694,0.02807876281440258,0.02807876281440258,0.921999454498291,,,,,,,,,,,,,,
695,0.02842920459806919,0.02842920459806919,0.9198852181434631,,,,,,,,,,,,,,
696,0.028301270678639412,0.028301270678639412,0.9204462170600891,,,,,,,,,,,,,,
697,0.027877096086740494,0.027877096086740494,0.9181762337684631,,,,,,,,,,,,,,
698,0.0284486785531044,0.0284486785531044,0.9159854054450989,,,,,,,,,,,,,,
699,0.029677003622055054,0.029677003622055054,0.9197150468826294,,,,,,,,,,,,,,
700,0.030427301302552223,0.030427301302552223,0.9181015491485596,,,,,,,,,,,,,,
701,0.029350003227591515,0.029350003227591515,0.9187965989112854,,,,,,,,,,,,,,
702,0.029747456312179565,0.029747456312179565,0.916820228099823,,,,,,,,,,,,,,
703,0.029968032613396645,0.029968032613396645,0.917892336845398,,,,,,,,,,,,,,
704,0.030598152428865433,0.030598152428865433,0.9195471405982971,,,,,,,,,,,,,,
705,0.029903793707489967,0.029903793707489967,0.9189509153366089,,,,,,,,,,,,,,
706,0.02858741022646427,0.02858741022646427,0.9177932143211365,,,,,,,,,,,,,,
707,0.02950207330286503,0.02950207330286503,0.9194437861442566,,,,,,,,,,,,,,
708,0.028494125232100487,0.028494125232100487,0.9185853600502014,,,,,,,,,,,,,,
709,0.030745169147849083,0.030745169147849083,0.9183570146560669,,,,,,,,,,,,,,
710,0.028803536668419838,0.028803536668419838,0.9180795550346375,,,,,,,,,,,,,,
711,0.028794143348932266,0.028794143348932266,0.9158179759979248,,,,,,,,,,,,,,
712,0.02850322052836418,0.02850322052836418,0.916717529296875,,,,,,,,,,,,,,
713,0.028576461598277092,0.028576461598277092,0.9161102175712585,,,,,,,,,,,,,,
714,0.028541723266243935,0.028541723266243935,0.9155963063240051,,,,,,,,,,,,,,
715,0.02937169186770916,0.02937169186770916,0.918126106262207,,,,,,,,,,,,,,
716,0.027986254543066025,0.027986254543066025,0.9147325158119202,,,,,,,,,,,,,,
717,0.02790362760424614,0.02790362760424614,0.9173591136932373,,,,,,,,,,,,,,
718,0.02854866348206997,0.02854866348206997,0.9167978167533875,,,,,,,,,,,,,,
719,0.030118385329842567,0.030118385329842567,0.9127926826477051,,,,,,,,,,,,,,
720,0.028583219274878502,0.028583219274878502,0.9135335087776184,,,,,,,,,,,,,,
721,0.02871786616742611,0.02871786616742611,0.9131885170936584,,,,,,,,,,,,,,
722,0.02807494066655636,0.02807494066655636,0.9148197770118713,,,,,,,,,,,,,,
723,0.028491664677858353,0.028491664677858353,0.9186946749687195,,,,,,,,,,,,,,
724,0.026689117774367332,0.026689117774367332,0.919440746307373,,,,,,,,,,,,,,
725,0.026507006958127022,0.026507006958127022,0.9168421030044556,,,,,,,,,,,,,,
726,0.028089383617043495,0.028089383617043495,0.9186041951179504,,,,,,,,,,,,,,
727,0.028917180374264717,0.028917180374264717,0.9174118041992188,,,,,,,,,,,,,,
728,0.028748905286192894,0.028748905286192894,0.9171983003616333,,,,,,,,,,,,,,
729,0.027359817177057266,0.027359817177057266,0.9189599752426147,,,,,,,,,,,,,,
730,0.028776641935110092,0.028776641935110092,0.9188900589942932,,,,,,,,,,,,,,
731,0.028641635552048683,0.028641635552048683,0.9202234148979187,,,,,,,,,,,,,,
732,0.028685372322797775,0.028685372322797775,0.91909259557724,,,,,,,,,,,,,,
733,0.027604419738054276,0.027604419738054276,0.9151130318641663,,,,,,,,,,,,,,
734,0.027263369411230087,0.027263369411230087,0.9162745475769043,,,,,,,,,,,,,,
735,0.02831411361694336,0.02831411361694336,0.9134891033172607,,,,,,,,,,,,,,
736,0.026477375999093056,0.026477375999093056,0.9136762022972107,,,,,,,,,,,,,,
737,0.027506085112690926,0.027506085112690926,0.9118779897689819,,,,,,,,,,,,,,
738,0.026919007301330566,0.026919007301330566,0.9144335985183716,,,,,,,,,,,,,,
739,0.028897274285554886,0.028897274285554886,0.9149975776672363,,,,,,,,,,,,,,
740,0.028062891215085983,0.028062891215085983,0.913324773311615,,,,,,,,,,,,,,
741,0.028099240735173225,0.028099240735173225,0.9158292412757874,,,,,,,,,,,,,,
742,0.028934286907315254,0.028934286907315254,0.9132925271987915,,,,,,,,,,,,,,
743,0.027968069538474083,0.027968069538474083,0.9155300259590149,,,,,,,,,,,,,,
744,0.027571741491556168,0.027571741491556168,0.9169147610664368,,,,,,,,,,,,,,
745,0.027112293988466263,0.027112293988466263,0.9208564758300781,,,,,,,,,,,,,,
746,0.02843274362385273,0.02843274362385273,0.9188324213027954,,,,,,,,,,,,,,
747,0.02856658585369587,0.02856658585369587,0.9195938110351562,,,,,,,,,,,,,,
748,0.026775695383548737,0.026775695383548737,0.9167066812515259,,,,,,,,,,,,,,
749,0.02658926509320736,0.02658926509320736,0.914534330368042,,,,,,,,,,,,,,
750,0.02759595587849617,0.02759595587849617,0.9172003269195557,,,,,,,,,,,,,,
751,0.027298815548419952,0.027298815548419952,0.9155527353286743,,,,,,,,,,,,,,
752,0.026618583127856255,0.026618583127856255,0.9168180823326111,,,,,,,,,,,,,,
753,0.026995671913027763,0.026995671913027763,0.9157667756080627,,,,,,,,,,,,,,
754,0.027638709172606468,0.027638709172606468,0.9134135842323303,,,,,,,,,,,,,,
755,0.026249296963214874,0.026249296963214874,0.9159417748451233,,,,,,,,,,,,,,
756,0.028229277580976486,0.028229277580976486,0.9143946766853333,,,,,,,,,,,,,,
757,0.027881024405360222,0.027881024405360222,0.9121473431587219,,,,,,,,,,,,,,
758,0.027331285178661346,0.027331285178661346,0.9138448238372803,,,,,,,,,,,,,,
759,0.026503819972276688,0.026503819972276688,0.9160263538360596,,,,,,,,,,,,,,
760,0.026433104649186134,0.026433104649186134,0.9134204387664795,,,,,,,,,,,,,,
761,0.02591967023909092,0.02591967023909092,0.91541588306427,,,,,,,,,,,,,,
762,0.027530834078788757,0.027530834078788757,0.9132357835769653,,,,,,,,,,,,,,
763,0.028389742597937584,0.028389742597937584,0.9161589741706848,,,,,,,,,,,,,,
764,0.02567899040877819,0.02567899040877819,0.9152127504348755,,,,,,,,,,,,,,
765,0.02791518345475197,0.02791518345475197,0.9174973368644714,,,,,,,,,,,,,,
766,0.025737207382917404,0.025737207382917404,0.9151169657707214,,,,,,,,,,,,,,
767,0.02614647150039673,0.02614647150039673,0.9179598689079285,,,,,,,,,,,,,,
768,0.026144495233893394,0.026144495233893394,0.9159387946128845,,,,,,,,,,,,,,
769,0.02825053595006466,0.02825053595006466,0.9152214527130127,,,,,,,,,,,,,,
770,0.025293637067079544,0.025293637067079544,0.9142369031906128,,,,,,,,,,,,,,
771,0.026657169684767723,0.026657169684767723,0.9141407012939453,,,,,,,,,,,,,,
772,0.028726870194077492,0.028726870194077492,0.913227915763855,,,,,,,,,,,,,,
773,0.026775481179356575,0.026775481179356575,0.9137743711471558,,,,,,,,,,,,,,
774,0.024888137355446815,0.024888137355446815,0.9154096841812134,,,,,,,,,,,,,,
775,0.02619067206978798,0.02619067206978798,0.912683367729187,,,,,,,,,,,,,,
776,0.02665596269071102,0.02665596269071102,0.9095857739448547,,,,,,,,,,,,,,
777,0.026904718950390816,0.026904718950390816,0.9145280718803406,,,,,,,,,,,,,,
778,0.02580024115741253,0.02580024115741253,0.9156219959259033,,,,,,,,,,,,,,
779,0.028828587383031845,0.028828587383031845,0.9149782657623291,,,,,,,,,,,,,,
780,0.025782227516174316,0.025782227516174316,0.9169263243675232,,,,,,,,,,,,,,
781,0.024992933496832848,0.024992933496832848,0.9138111472129822,,,,,,,,,,,,,,
782,0.02503025345504284,0.02503025345504284,0.9174907803535461,,,,,,,,,,,,,,
783,0.024818168953061104,0.024818168953061104,0.9136057496070862,,,,,,,,,,,,,,
784,0.026953276246786118,0.026953276246786118,0.9171283841133118,,,,,,,,,,,,,,
785,0.02696266770362854,0.02696266770362854,0.9171295762062073,,,,,,,,,,,,,,
786,0.02474847435951233,0.02474847435951233,0.9141138195991516,,,,,,,,,,,,,,
787,0.02529974840581417,0.02529974840581417,0.9161777496337891,,,,,,,,,,,,,,
788,0.026144012808799744,0.026144012808799744,0.9143975973129272,,,,,,,,,,,,,,
789,0.02659573033452034,0.02659573033452034,0.9128025770187378,,,,,,,,,,,,,,
790,0.025234727188944817,0.025234727188944817,0.9143857359886169,,,,,,,,,,,,,,
791,0.02643311768770218,0.02643311768770218,0.9174292683601379,,,,,,,,,,,,,,
792,0.02526315115392208,0.02526315115392208,0.9131928086280823,,,,,,,,,,,,,,
793,0.025950314477086067,0.025950314477086067,0.9124716520309448,,,,,,,,,,,,,,
794,0.026373904198408127,0.026373904198408127,0.9120200276374817,,,,,,,,,,,,,,
795,0.025355245918035507,0.025355245918035507,0.9152547121047974,,,,,,,,,,,,,,
796,0.024019932374358177,0.024019932374358177,0.9127217531204224,,,,,,,,,,,,,,
797,0.026111967861652374,0.026111967861652374,0.9129748940467834,,,,,,,,,,,,,,
798,0.026336871087551117,0.026336871087551117,0.914219319820404,,,,,,,,,,,,,,
799,0.025638233870267868,0.025638233870267868,0.9121102094650269,,,,,,,,,,,,,,
800,0.025358162820339203,0.025358162820339203,0.915026843547821,,,,,,,,,,,,,,
801,0.024534987285733223,0.024534987285733223,0.910310685634613,,,,,,,,,,,,,,
802,0.024677205830812454,0.024677205830812454,0.9103687405586243,,,,,,,,,,,,,,
803,0.02602391690015793,0.02602391690015793,0.9144634008407593,,,,,,,,,,,,,,
804,0.025479689240455627,0.025479689240455627,0.9146007299423218,,,,,,,,,,,,,,
805,0.02483189105987549,0.02483189105987549,0.914543092250824,,,,,,,,,,,,,,
806,0.024266932159662247,0.024266932159662247,0.9125110507011414,,,,,,,,,,,,,,
807,0.025659946724772453,0.025659946724772453,0.9110092520713806,,,,,,,,,,,,,,
808,0.025456158444285393,0.025456158444285393,0.9089747071266174,,,,,,,,,,,,,,
809,0.024958672001957893,0.024958672001957893,0.9132548570632935,,,,,,,,,,,,,,
810,0.025077829137444496,0.025077829137444496,0.9105157256126404,,,,,,,,,,,,,,
811,0.025603171437978745,0.025603171437978745,0.9142882227897644,,,,,,,,,,,,,,
812,0.02573321759700775,0.02573321759700775,0.9107204675674438,,,,,,,,,,,,,,
813,0.026260945945978165,0.026260945945978165,0.9117826819419861,,,,,,,,,,,,,,
814,0.024853380396962166,0.024853380396962166,0.9114170074462891,,,,,,,,,,,,,,
815,0.02664288319647312,0.02664288319647312,0.911188006401062,,,,,,,,,,,,,,
816,0.02476189099252224,0.02476189099252224,0.9113776683807373,,,,,,,,,,,,,,
817,0.025794140994548798,0.025794140994548798,0.9120444655418396,,,,,,,,,,,,,,
818,0.023562034592032433,0.023562034592032433,0.9147664308547974,,,,,,,,,,,,,,
819,0.02678680419921875,0.02678680419921875,0.9109428524971008,,,,,,,,,,,,,,
820,0.023923330008983612,0.023923330008983612,0.9105057120323181,,,,,,,,,,,,,,
821,0.023812389001250267,0.023812389001250267,0.9116345643997192,,,,,,,,,,,,,,
822,0.025102021172642708,0.025102021172642708,0.9117125272750854,,,,,,,,,,,,,,
823,0.025842292234301567,0.025842292234301567,0.9099476933479309,,,,,,,,,,,,,,
824,0.024419980123639107,0.024419980123639107,0.9119129180908203,,,,,,,,,,,,,,
825,0.024269262328743935,0.024269262328743935,0.9096537828445435,,,,,,,,,,,,,,
826,0.02668391913175583,0.02668391913175583,0.9116609692573547,,,,,,,,,,,,,,
827,0.025792434811592102,0.025792434811592102,0.9148889780044556,,,,,,,,,,,,,,
828,0.025562195107340813,0.025562195107340813,0.9145482182502747,,,,,,,,,,,,,,
829,0.023572620004415512,0.023572620004415512,0.9114521145820618,,,,,,,,,,,,,,
830,0.025078436359763145,0.025078436359763145,0.9137348532676697,,,,,,,,,,,,,,
831,0.024410538375377655,0.024410538375377655,0.9117320775985718,,,,,,,,,,,,,,
832,0.02449032850563526,0.02449032850563526,0.910742461681366,,,,,,,,,,,,,,
833,0.024457383900880814,0.024457383900880814,0.9118641018867493,,,,,,,,,,,,,,
834,0.026181017979979515,0.026181017979979515,0.9161939024925232,,,,,,,,,,,,,,
835,0.023109195753932,0.023109195753932,0.9149470329284668,,,,,,,,,,,,,,
836,0.024625703692436218,0.024625703692436218,0.9123645424842834,,,,,,,,,,,,,,
837,0.02432503178715706,0.02432503178715706,0.9103786945343018,,,,,,,,,,,,,,
838,0.02473141998052597,0.02473141998052597,0.9109708070755005,,,,,,,,,,,,,,
839,0.025865916162729263,0.025865916162729263,0.9126088619232178,,,,,,,,,,,,,,
840,0.02452389895915985,0.02452389895915985,0.9118071794509888,,,,,,,,,,,,,,
841,0.023713313043117523,0.023713313043117523,0.9100251197814941,,,,,,,,,,,,,,
842,0.024622857570648193,0.024622857570648193,0.9087344408035278,,,,,,,,,,,,,,
843,0.025477081537246704,0.025477081537246704,0.9103149771690369,,,,,,,,,,,,,,
844,0.024213984608650208,0.024213984608650208,0.9100217223167419,,,,,,,,,,,,,,
845,0.024801652878522873,0.024801652878522873,0.9136133790016174,,,,,,,,,,,,,,
846,0.026065154001116753,0.026065154001116753,0.9122438430786133,,,,,,,,,,,,,,
847,0.023937897756695747,0.023937897756695747,0.9117151498794556,,,,,,,,,,,,,,
848,0.024258501827716827,0.024258501827716827,0.9160116910934448,,,,,,,,,,,,,,
849,0.02504073828458786,0.02504073828458786,0.9135361909866333,,,,,,,,,,,,,,
850,0.025918981060385704,0.025918981060385704,0.912786602973938,,,,,,,,,,,,,,
851,0.023211153224110603,0.023211153224110603,0.9156643748283386,,,,,,,,,,,,,,
852,0.02434954233467579,0.02434954233467579,0.9117313623428345,,,,,,,,,,,,,,
853,0.02232883870601654,0.02232883870601654,0.9112318158149719,,,,,,,,,,,,,,
854,0.024106428027153015,0.024106428027153015,0.9101747274398804,,,,,,,,,,,,,,
855,0.023762419819831848,0.023762419819831848,0.9121922254562378,,,,,,,,,,,,,,
856,0.02423248626291752,0.02423248626291752,0.910423219203949,,,,,,,,,,,,,,
857,0.023017672821879387,0.023017672821879387,0.910683810710907,,,,,,,,,,,,,,
858,0.02536332793533802,0.02536332793533802,0.9098539352416992,,,,,,,,,,,,,,
859,0.024101536720991135,0.024101536720991135,0.906737744808197,,,,,,,,,,,,,,
860,0.02471206896007061,0.02471206896007061,0.9116544723510742,,,,,,,,,,,,,,
861,0.024056388065218925,0.024056388065218925,0.9081855416297913,,,,,,,,,,,,,,
862,0.023501602932810783,0.023501602932810783,0.9146318435668945,,,,,,,,,,,,,,
863,0.025052182376384735,0.025052182376384735,0.9091563820838928,,,,,,,,,,,,,,
864,0.025855574756860733,0.025855574756860733,0.9086718559265137,,,,,,,,,,,,,,
865,0.024731896817684174,0.024731896817684174,0.9068717360496521,,,,,,,,,,,,,,
866,0.02338125929236412,0.02338125929236412,0.9127687811851501,,,,,,,,,,,,,,
867,0.024193009361624718,0.024193009361624718,0.9102030992507935,,,,,,,,,,,,,,
868,0.023494968190789223,0.023494968190789223,0.9089520573616028,,,,,,,,,,,,,,
869,0.02308347076177597,0.02308347076177597,0.911232590675354,,,,,,,,,,,,,,
870,0.02253527194261551,0.02253527194261551,0.9119441509246826,,,,,,,,,,,,,,
871,0.0254269577562809,0.0254269577562809,0.9090332388877869,,,,,,,,,,,,,,
872,0.02384435571730137,0.02384435571730137,0.9113772511482239,,,,,,,,,,,,,,
873,0.02193840779364109,0.02193840779364109,0.9099807143211365,,,,,,,,,,,,,,
874,0.024157604202628136,0.024157604202628136,0.9115105271339417,,,,,,,,,,,,,,
875,0.02400267869234085,0.02400267869234085,0.909221351146698,,,,,,,,,,,,,,
876,0.022688718512654305,0.022688718512654305,0.9101123213768005,,,,,,,,,,,,,,
877,0.02425173483788967,0.02425173483788967,0.9157263040542603,,,,,,,,,,,,,,
878,0.02363736554980278,0.02363736554980278,0.9087992310523987,,,,,,,,,,,,,,
879,0.023818043991923332,0.023818043991923332,0.913388729095459,,,,,,,,,,,,,,
880,0.022934142500162125,0.022934142500162125,0.910811185836792,,,,,,,,,,,,,,
881,0.023249980062246323,0.023249980062246323,0.9113169312477112,,,,,,,,,,,,,,
882,0.025074580684304237,0.025074580684304237,0.9134908318519592,,,,,,,,,,,,,,
883,0.02260431833565235,0.02260431833565235,0.9104016423225403,,,,,,,,,,,,,,
884,0.02409174107015133,0.02409174107015133,0.9113825559616089,,,,,,,,,,,,,,
885,0.024112913757562637,0.024112913757562637,0.9083839654922485,,,,,,,,,,,,,,
886,0.022554047405719757,0.022554047405719757,0.9115696549415588,,,,,,,,,,,,,,
887,0.0252468753606081,0.0252468753606081,0.9088671803474426,,,,,,,,,,,,,,
888,0.02249455265700817,0.02249455265700817,0.9084610342979431,,,,,,,,,,,,,,
889,0.02290940284729004,0.02290940284729004,0.9072882533073425,,,,,,,,,,,,,,
890,0.021913224831223488,0.021913224831223488,0.9085755348205566,,,,,,,,,,,,,,
891,0.02314327284693718,0.02314327284693718,0.9077383279800415,,,,,,,,,,,,,,
892,0.024658741429448128,0.024658741429448128,0.9113186001777649,,,,,,,,,,,,,,
893,0.021657612174749374,0.021657612174749374,0.9105374217033386,,,,,,,,,,,,,,
894,0.02201513573527336,0.02201513573527336,0.908827006816864,,,,,,,,,,,,,,
895,0.02351851388812065,0.02351851388812065,0.9113677144050598,,,,,,,,,,,,,,
896,0.023899873718619347,0.023899873718619347,0.9094207882881165,,,,,,,,,,,,,,
897,0.021747039631009102,0.021747039631009102,0.9116857051849365,,,,,,,,,,,,,,
898,0.02237887866795063,0.02237887866795063,0.9116616249084473,,,,,,,,,,,,,,
899,0.022509125992655754,0.022509125992655754,0.9082576632499695,,,,,,,,,,,,,,
900,0.023588072508573532,0.023588072508573532,0.9115597009658813,,,,,,,,,,,,,,
901,0.0223121028393507,0.0223121028393507,0.912235677242279,,,,,,,,,,,,,,
902,0.023826753720641136,0.023826753720641136,0.9105398058891296,,,,,,,,,,,,,,
903,0.023458780720829964,0.023458780720829964,0.9080339670181274,,,,,,,,,,,,,,
904,0.022034721449017525,0.022034721449017525,0.9083778262138367,,,,,,,,,,,,,,
905,0.023975539952516556,0.023975539952516556,0.9058650135993958,,,,,,,,,,,,,,
906,0.022465521469712257,0.022465521469712257,0.9088013172149658,,,,,,,,,,,,,,
907,0.023326653987169266,0.023326653987169266,0.9101303219795227,,,,,,,,,,,,,,
908,0.022230055183172226,0.022230055183172226,0.909419596195221,,,,,,,,,,,,,,
909,0.022612176835536957,0.022612176835536957,0.9106616377830505,,,,,,,,,,,,,,
910,0.022156178951263428,0.022156178951263428,0.9094754457473755,,,,,,,,,,,,,,
911,0.021891890093684196,0.021891890093684196,0.9087589979171753,,,,,,,,,,,,,,
912,0.02163286879658699,0.02163286879658699,0.9122602343559265,,,,,,,,,,,,,,
913,0.021630803123116493,0.021630803123116493,0.9118464589118958,,,,,,,,,,,,,,
914,0.02237217128276825,0.02237217128276825,0.9084714651107788,,,,,,,,,,,,,,
915,0.023024549707770348,0.023024549707770348,0.9120203256607056,,,,,,,,,,,,,,
916,0.021504445001482964,0.021504445001482964,0.9100477695465088,,,,,,,,,,,,,,
917,0.02166234329342842,0.02166234329342842,0.9075703024864197,,,,,,,,,,,,,,
918,0.021459223702549934,0.021459223702549934,0.9052817821502686,,,,,,,,,,,,,,
919,0.02297261729836464,0.02297261729836464,0.9069072008132935,,,,,,,,,,,,,,
920,0.021996624767780304,0.021996624767780304,0.9075894355773926,,,,,,,,,,,,,,
921,0.02256683260202408,0.02256683260202408,0.9055072665214539,,,,,,,,,,,,,,
922,0.02329612337052822,0.02329612337052822,0.9066644310951233,,,,,,,,,,,,,,
923,0.021770665422081947,0.021770665422081947,0.9117416143417358,,,,,,,,,,,,,,
924,0.021694228053092957,0.021694228053092957,0.9062321782112122,,,,,,,,,,,,,,
925,0.021075192838907242,0.021075192838907242,0.9073770642280579,,,,,,,,,,,,,,
926,0.02130378969013691,0.02130378969013691,0.9094144105911255,,,,,,,,,,,,,,
927,0.023203054443001747,0.023203054443001747,0.907386302947998,,,,,,,,,,,,,,
928,0.023703206330537796,0.023703206330537796,0.9078942537307739,,,,,,,,,,,,,,
929,0.02341935783624649,0.02341935783624649,0.9070896506309509,,,,,,,,,,,,,,
930,0.02266383171081543,0.02266383171081543,0.9062739014625549,,,,,,,,,,,,,,
931,0.02217744290828705,0.02217744290828705,0.9093206524848938,,,,,,,,,,,,,,
932,0.02193976193666458,0.02193976193666458,0.9081132411956787,,,,,,,,,,,,,,
933,0.02350594475865364,0.02350594475865364,0.9085525870323181,,,,,,,,,,,,,,
934,0.021770786494016647,0.021770786494016647,0.9087058901786804,,,,,,,,,,,,,,
935,0.02225879766047001,0.02225879766047001,0.9126745462417603,,,,,,,,,,,,,,
936,0.022662760689854622,0.022662760689854622,0.9074161052703857,,,,,,,,,,,,,,
937,0.02122899889945984,0.02122899889945984,0.9109628200531006,,,,,,,,,,,,,,
938,0.020882297307252884,0.020882297307252884,0.9078539609909058,,,,,,,,,,,,,,
939,0.02203858457505703,0.02203858457505703,0.9065159559249878,,,,,,,,,,,,,,
940,0.021980782970786095,0.021980782970786095,0.9061014652252197,,,,,,,,,,,,,,
941,0.022138133645057678,0.022138133645057678,0.9088080525398254,,,,,,,,,,,,,,
942,0.021940091624855995,0.021940091624855995,0.9083690643310547,,,,,,,,,,,,,,
943,0.022353395819664,0.022353395819664,0.9068736433982849,,,,,,,,,,,,,,
944,0.02290298417210579,0.02290298417210579,0.9092603921890259,,,,,,,,,,,,,,
945,0.02156399004161358,0.02156399004161358,0.9090291261672974,,,,,,,,,,,,,,
946,0.021242452785372734,0.021242452785372734,0.908759593963623,,,,,,,,,,,,,,
947,0.02018008939921856,0.02018008939921856,0.9083203673362732,,,,,,,,,,,,,,
948,0.021503182128071785,0.021503182128071785,0.9078404903411865,,,,,,,,,,,,,,
949,0.02133452706038952,0.02133452706038952,0.9095228314399719,,,,,,,,,,,,,,
950,0.02273831143975258,0.02273831143975258,0.9089595675468445,,,,,,,,,,,,,,
951,0.022411156445741653,0.022411156445741653,0.9112301468849182,,,,,,,,,,,,,,
952,0.021527310833334923,0.021527310833334923,0.912433385848999,,,,,,,,,,,,,,
953,0.02172509767115116,0.02172509767115116,0.9067336320877075,,,,,,,,,,,,,,
954,0.021983036771416664,0.021983036771416664,0.9081063270568848,,,,,,,,,,,,,,
955,0.020631542429327965,0.020631542429327965,0.9059514403343201,,,,,,,,,,,,,,
956,0.021664243191480637,0.021664243191480637,0.9060704708099365,,,,,,,,,,,,,,
957,0.02178267203271389,0.02178267203271389,0.9074317216873169,,,,,,,,,,,,,,
958,0.021866129711270332,0.021866129711270332,0.9073699116706848,,,,,,,,,,,,,,
959,0.021730396896600723,0.021730396896600723,0.9091899991035461,,,,,,,,,,,,,,
960,0.019952135160565376,0.019952135160565376,0.9078525900840759,,,,,,,,,,,,,,
961,0.020961223170161247,0.020961223170161247,0.9052526354789734,,,,,,,,,,,,,,
962,0.022689759731292725,0.022689759731292725,0.9063354730606079,,,,,,,,,,,,,,
963,0.021671928465366364,0.021671928465366364,0.9088472127914429,,,,,,,,,,,,,,
964,0.02158965915441513,0.02158965915441513,0.9054809212684631,,,,,,,,,,,,,,
965,0.020201673731207848,0.020201673731207848,0.905758261680603,,,,,,,,,,,,,,
966,0.021114999428391457,0.021114999428391457,0.9067460298538208,,,,,,,,,,,,,,
967,0.020727073773741722,0.020727073773741722,0.9050226211547852,,,,,,,,,,,,,,
968,0.021751997992396355,0.021751997992396355,0.9082606434822083,,,,,,,,,,,,,,
969,0.02031593956053257,0.02031593956053257,0.9076693654060364,,,,,,,,,,,,,,
970,0.019742880016565323,0.019742880016565323,0.9069127440452576,,,,,,,,,,,,,,
971,0.02053787186741829,0.02053787186741829,0.907599925994873,,,,,,,,,,,,,,
972,0.021370485424995422,0.021370485424995422,0.9069454073905945,,,,,,,,,,,,,,
973,0.020618898794054985,0.020618898794054985,0.9086236953735352,,,,,,,,,,,,,,
974,0.02071152627468109,0.02071152627468109,0.9069702625274658,,,,,,,,,,,,,,
975,0.02213064767420292,0.02213064767420292,0.9094722270965576,,,,,,,,,,,,,,
976,0.020843805745244026,0.020843805745244026,0.9107813835144043,,,,,,,,,,,,,,
977,0.020763985812664032,0.020763985812664032,0.9072712063789368,,,,,,,,,,,,,,
978,0.01978066749870777,0.01978066749870777,0.9074988961219788,,,,,,,,,,,,,,
979,0.020422622561454773,0.020422622561454773,0.9080268740653992,,,,,,,,,,,,,,
980,0.02178080938756466,0.02178080938756466,0.9026577472686768,,,,,,,,,,,,,,
981,0.022308383136987686,0.022308383136987686,0.907576322555542,,,,,,,,,,,,,,
982,0.022555451840162277,0.022555451840162277,0.9074937105178833,,,,,,,,,,,,,,
983,0.0206451378762722,0.0206451378762722,0.907498836517334,,,,,,,,,,,,,,
984,0.020928042009472847,0.020928042009472847,0.9055341482162476,,,,,,,,,,,,,,
985,0.021321535110473633,0.021321535110473633,0.9064909815788269,,,,,,,,,,,,,,
986,0.020695725455880165,0.020695725455880165,0.9052982926368713,,,,,,,,,,,,,,
987,0.020554475486278534,0.020554475486278534,0.9049326777458191,,,,,,,,,,,,,,
988,0.020613163709640503,0.020613163709640503,0.9083972573280334,,,,,,,,,,,,,,
989,0.021966001018881798,0.021966001018881798,0.908599317073822,,,,,,,,,,,,,,
990,0.01982138678431511,0.01982138678431511,0.9095837473869324,,,,,,,,,,,,,,
991,0.021639632061123848,0.021639632061123848,0.9072828888893127,,,,,,,,,,,,,,
992,0.021601924672722816,0.021601924672722816,0.9045220017433167,,,,,,,,,,,,,,
993,0.020662475377321243,0.020662475377321243,0.907953143119812,,,,,,,,,,,,,,
994,0.021652167662978172,0.021652167662978172,0.9074590802192688,,,,,,,,,,,,,,
995,0.021550429984927177,0.021550429984927177,0.9068334102630615,,,,,,,,,,,,,,
996,0.02056301012635231,0.02056301012635231,0.9069743752479553,,,,,,,,,,,,,,
997,0.02371601015329361,0.02371601015329361,0.9038219451904297,,,,,,,,,,,,,,
998,0.01948489435017109,0.01948489435017109,0.9067991375923157,,,,,,,,,,,,,,
999,0.020121101289987564,0.020121101289987564,0.9063785076141357,,,,,,,,,,,,,,
1000,0.020760325714945793,0.020760325714945793,0.9023181796073914,0.7833705544471741,0.7833705544471741,0.21662944555282593,8.7759428024292,0.0,0.9551220536231995,3.948913335800171,-0.0,1.3563838005065918,0.7785909175872803,0.0067362930619836,0.778590977191925,0.5255268216133118,0.0063416361808776855
